"city","localidade","state","date","cum_confirmed","cum_deaths","new_confirmed","new_deaths","temp_media","umid_media","cum_cases_mins","cum_deaths_mins","new_cases_mins","new_deaths_mins","deaths_reg"
"Manaus",130260,"AM",2020-03-13,2,0,2,0,30.02,69.42,0,0,0,0,0
"Manaus",130260,"AM",2020-03-14,2,0,0,0,26.05,85.17,0,0,0,0,0
"Manaus",130260,"AM",2020-03-15,2,0,0,0,26.35,81.33,0,0,0,0,0
"Manaus",130260,"AM",2020-03-16,2,0,0,0,28.45,74.75,0,0,0,0,0
"Manaus",130260,"AM",2020-03-17,2,0,0,0,28,77.42,0,0,0,0,0
"Manaus",130260,"AM",2020-03-18,2,0,0,0,28.13,79.83,0,0,0,0,0
"Manaus",130260,"AM",2020-03-19,3,0,1,0,24.6,89.5,0,0,0,0,0
"Manaus",130260,"AM",2020-03-20,7,0,4,0,25.64,79.67,0,0,0,0,0
"Manaus",130260,"AM",2020-03-21,11,0,4,0,27.97,74.38,0,0,0,0,0
"Manaus",130260,"AM",2020-03-22,25,0,14,0,29.51,70.25,0,0,0,0,0
"Manaus",130260,"AM",2020-03-23,31,0,6,0,25.6,84.17,0,0,0,0,0
"Manaus",130260,"AM",2020-03-24,45,0,14,0,26.89,74.42,0,0,0,0,1
"Manaus",130260,"AM",2020-03-25,52,0,7,0,29.12,66.5,0,0,0,0,0
"Manaus",130260,"AM",2020-03-26,63,0,11,0,29.67,70,0,0,0,0,0
"Manaus",130260,"AM",2020-03-27,75,0,12,0,28.34,76.17,0,0,0,0,0
"Manaus",130260,"AM",2020-03-28,105,0,30,0,28.27,77.79,105,0,105,0,0
"Manaus",130260,"AM",2020-03-29,131,0,26,0,28.23,76.5,131,0,26,0,0
"Manaus",130260,"AM",2020-03-30,140,1,9,1,25.87,88.13,140,0,9,0,1
"Manaus",130260,"AM",2020-03-31,159,2,19,1,25.34,89.23,159,2,19,2,0
"Manaus",130260,"AM",2020-04-01,179,2,20,0,26.61,79.83,179,2,20,0,1
"Manaus",130260,"AM",2020-04-02,205,2,26,0,27.2,79.62,205,2,26,0,1
"Manaus",130260,"AM",2020-04-03,232,5,27,3,28.07,76.12,232,4,27,2,4
"Manaus",130260,"AM",2020-04-04,283,9,51,4,27.84,78.25,283,9,51,5,2
"Manaus",130260,"AM",2020-04-05,379,11,96,2,28.9,75.5,379,10,96,1,0
"Manaus",130260,"AM",2020-04-06,473,15,94,4,27.91,79.46,473,15,94,5,4
"Manaus",130260,"AM",2020-04-07,560,19,87,4,27.77,81.17,560,19,87,4,9
"Manaus",130260,"AM",2020-04-08,712,25,152,6,26.93,86.17,712,24,152,5,3
"Manaus",130260,"AM",2020-04-09,800,33,88,8,25.16,90.83,800,33,88,9,9
"Manaus",130260,"AM",2020-04-10,863,42,63,9,27.49,78.5,863,42,63,9,7
"Manaus",130260,"AM",2020-04-11,932,45,69,3,25.9,85.29,932,45,69,3,16
"Manaus",130260,"AM",2020-04-12,1053,51,121,6,26.74,79.75,1053,52,121,7,5
"Manaus",130260,"AM",2020-04-13,1106,60,53,9,25.75,85.38,1106,62,53,10,9
"Manaus",130260,"AM",2020-04-14,1295,81,189,21,26.1,80.17,1295,81,189,19,16
"Manaus",130260,"AM",2020-04-15,1350,92,55,11,26.87,78.88,1350,92,55,11,13
"Manaus",130260,"AM",2020-04-16,1459,107,109,15,26.9,79.67,1459,107,109,15,11
"Manaus",130260,"AM",2020-04-17,1531,127,72,20,26.62,81.25,1531,127,72,20,13
"Manaus",130260,"AM",2020-04-18,1593,134,62,7,25.3,85.25,1593,134,62,7,21
"Manaus",130260,"AM",2020-04-19,1664,155,71,21,26.35,81.08,1664,156,71,22,14
"Manaus",130260,"AM",2020-04-20,1772,156,108,1,26.06,86.96,1772,156,108,0,20
"Manaus",130260,"AM",2020-04-21,1809,163,37,7,26.88,79.04,1809,163,37,7,20
"Manaus",130260,"AM",2020-04-22,1958,172,149,9,27.08,81.04,1958,172,149,9,23
"Manaus",130260,"AM",2020-04-23,2286,193,328,21,26.82,78.83,2286,193,328,21,25
"Manaus",130260,"AM",2020-04-24,2481,207,195,14,27.46,78.79,2481,207,195,14,25
"Manaus",130260,"AM",2020-04-25,2678,233,197,26,24.97,90.96,2678,233,197,26,26
"Manaus",130260,"AM",2020-04-26,2722,246,44,13,26.75,82.46,2722,246,44,13,30
"Manaus",130260,"AM",2020-04-27,2738,256,16,10,27.48,79,2738,256,16,10,40
"Manaus",130260,"AM",2020-04-28,2899,274,161,18,26.62,82.88,2899,274,161,18,37
"Manaus",130260,"AM",2020-04-29,3091,288,192,14,27.6,75.54,3091,288,192,14,28
"Manaus",130260,"AM",2020-04-30,3273,312,182,24,28.09,75.33,3273,312,182,24,23
"Manaus",130260,"AM",2020-05-01,3491,357,218,45,28.33,79.04,3491,357,218,45,34
"Manaus",130260,"AM",2020-05-02,3658,368,167,11,26.59,86.29,3658,368,167,11,29
"Manaus",130260,"AM",2020-05-03,4072,396,414,28,26.78,84.5,4072,396,414,28,31
"Manaus",130260,"AM",2020-05-04,4344,418,272,22,27.33,79.25,4344,418,272,22,34
"Manaus",130260,"AM",2020-05-05,4804,459,460,41,27.64,82.38,4804,459,460,41,26
"Manaus",130260,"AM",2020-05-06,5474,532,670,73,25.11,90.96,5474,532,670,73,26
"Manaus",130260,"AM",2020-05-07,5897,563,423,31,26.18,86.75,5897,563,423,31,25
"Manaus",130260,"AM",2020-05-08,6034,604,137,41,26.3,84.71,6034,604,137,41,24
"Manaus",130260,"AM",2020-05-09,6743,660,709,56,27.18,81.83,6743,660,709,56,19
"Manaus",130260,"AM",2020-05-10,7198,680,455,20,26.89,84.38,7198,680,455,20,26
"Manaus",130260,"AM",2020-05-11,7264,691,66,11,26.93,81.04,7264,691,66,11,26
"Manaus",130260,"AM",2020-05-12,7877,726,613,35,28.16,78.33,7877,726,613,35,25
"Manaus",130260,"AM",2020-05-13,8630,757,753,31,27.22,84.29,8630,757,753,31,16
"Manaus",130260,"AM",2020-05-14,9410,809,780,52,25.31,89.25,9410,809,780,52,28
"Manaus",130260,"AM",2020-05-15,9713,888,303,79,26.92,81.96,9713,888,303,79,20
"Manaus",130260,"AM",2020-05-16,10297,920,584,32,27.85,77.33,10297,920,584,32,24
"Manaus",130260,"AM",2020-05-17,10407,949,110,29,27.12,81.83,10407,949,110,29,15
"Manaus",130260,"AM",2020-05-18,10660,951,253,2,27.08,82.29,10660,951,253,2,26
"Manaus",130260,"AM",2020-05-19,11051,999,391,48,25.88,87.54,11051,999,391,48,27
"Manaus",130260,"AM",2020-05-20,11643,1057,592,58,27.27,80.42,11643,1057,592,58,21
"Manaus",130260,"AM",2020-05-21,12317,1094,674,37,28.08,76.12,12317,1094,674,37,13
"Manaus",130260,"AM",2020-05-22,12967,1127,650,33,28.2,74.67,12967,1127,650,33,21
"Manaus",130260,"AM",2020-05-23,13624,1176,657,49,27.09,81.67,13624,1176,657,49,17
"Manaus",130260,"AM",2020-05-24,13881,1182,257,6,26,84.96,13881,1182,257,6,16
"Manaus",130260,"AM",2020-05-25,13979,1190,98,8,26.32,80.71,13979,1190,98,8,15
"Manaus",130260,"AM",2020-05-26,14402,1248,423,58,27.25,77.17,14402,1248,423,58,18
"Manaus",130260,"AM",2020-05-27,14800,1272,398,24,28.04,73.75,14800,1272,398,24,18
"Manaus",130260,"AM",2020-05-28,15769,1314,969,42,28.01,74.67,15769,1314,969,42,17
"Manaus",130260,"AM",2020-05-29,17492,1349,1723,35,27.57,80.7,17492,1349,1723,35,15
"Manaus",130260,"AM",2020-05-30,18139,1366,647,17,26.26,78.96,18139,1366,647,17,12
"Manaus",130260,"AM",2020-05-31,18293,1366,154,0,27.15,79.77,18293,1366,154,0,13
"Manaus",130260,"AM",2020-06-01,18367,1371,74,5,25.49,85.59,18367,1371,74,5,16
"Manaus",130260,"AM",2020-06-02,18981,1390,614,19,26.44,82.32,18981,1390,614,19,13
"Manaus",130260,"AM",2020-06-03,19043,1407,62,17,26.93,81.91,19043,1407,62,17,13
"Manaus",130260,"AM",2020-06-04,19962,1417,919,10,27.1,79.68,19962,1442,919,35,23
"Manaus",130260,"AM",2020-06-05,20422,1432,460,15,28.13,76.64,20422,1432,460,-10,12
"Manaus",130260,"AM",2020-06-06,20785,1462,363,30,28.05,76,20785,1462,363,30,7
"Manaus",130260,"AM",2020-06-07,20837,1466,52,4,25.52,85.68,20837,1466,52,4,8
"Manaus",130260,"AM",2020-06-08,20948,1475,111,9,27.16,81,20948,1475,111,9,6
"Manaus",130260,"AM",2020-06-09,21605,1501,657,26,28.28,74.32,21605,1501,657,26,12
"Manaus",130260,"AM",2020-06-10,22159,1534,554,33,27.89,72.41,22159,1534,554,33,3
"Manaus",130260,"AM",2020-06-11,22504,1560,345,26,27.25,80.5,22504,1560,345,26,9
"Manaus",130260,"AM",2020-06-12,22635,1576,131,16,25.27,85.23,22635,1576,131,16,6
"Manaus",130260,"AM",2020-06-13,22894,1596,259,20,27.7,77.95,22894,1596,259,20,3
"Manaus",130260,"AM",2020-06-14,23101,1614,207,18,27.6,76.59,23101,1614,207,18,3
"Manaus",130260,"AM",2020-06-15,23138,1620,37,6,28.3,72.77,23138,1620,37,6,11
"Manaus",130260,"AM",2020-06-16,23612,1645,474,25,28.56,68.14,23612,1645,474,25,9
"Manaus",130260,"AM",2020-06-17,24089,1660,477,15,25.5,84.5,24089,1660,477,15,5
"Manaus",130260,"AM",2020-06-18,24154,1678,65,18,27.49,79.45,24154,1678,65,18,4
"Manaus",130260,"AM",2020-06-19,24581,1685,427,7,28.55,70.36,24581,1685,427,7,6
"Manaus",130260,"AM",2020-06-20,24978,1706,397,21,28.58,67.36,24978,1706,397,21,3
"Manaus",130260,"AM",2020-06-21,25103,1711,125,5,29.03,66.5,25103,1711,125,5,7
"Manaus",130260,"AM",2020-06-22,25153,1719,50,8,29.17,67.09,25153,1719,50,8,6
"Manaus",130260,"AM",2020-06-23,25710,1727,557,8,26.89,81.05,25710,1727,557,8,5
"Manaus",130260,"AM",2020-06-24,26153,1735,443,8,27.77,73.95,26153,1735,443,8,7
"Manaus",130260,"AM",2020-06-25,26483,1743,330,8,29.2,66.09,26483,1743,330,8,4
"Manaus",130260,"AM",2020-06-26,26783,1747,300,4,28.93,69.18,26783,1747,300,4,0
"Manaus",130260,"AM",2020-06-27,26842,1768,59,21,28.55,72.77,26842,1768,59,21,0
"Manaus",130260,"AM",2020-06-28,27122,1770,280,2,28.31,72.68,27122,1768,280,0,0
"Manaus",130260,"AM",2020-06-29,27132,1771,10,1,27.41,77.64,27132,1771,10,3,0
"Manaus",130260,"AM",2020-06-30,27169,1790,37,19,26.47,80.59,27169,1790,37,19,0
"Manaus",130260,"AM",2020-07-01,27820,1804,651,14,27.93,77.36,27820,1804,651,14,0
"Manaus",130260,"AM",2020-07-02,28128,1810,308,6,28.47,74.64,28128,1810,308,6,0
"Manaus",130260,"AM",2020-07-03,28449,1826,321,16,27.55,76.86,28449,1826,321,16,0
"Manaus",130260,"AM",2020-07-04,28779,1843,330,17,27.69,78.36,28779,1843,330,17,0
"Manaus",130260,"AM",2020-07-05,28854,1845,75,2,27.27,79.45,28854,1845,75,2,0
"Fortaleza",230440,"CE",2020-03-16,8,0,8,0,26.86,81.88,0,0,0,0,1
"Fortaleza",230440,"CE",2020-03-17,9,0,1,0,26.99,78.88,0,0,0,0,0
"Fortaleza",230440,"CE",2020-03-18,17,0,8,0,27.86,77.96,0,0,0,0,1
"Fortaleza",230440,"CE",2020-03-19,17,0,0,0,27.82,79.62,0,0,0,0,0
"Fortaleza",230440,"CE",2020-03-20,63,0,46,0,27.83,77.42,0,0,0,0,0
"Fortaleza",230440,"CE",2020-03-21,76,0,13,0,27.96,76.33,0,0,0,0,2
"Fortaleza",230440,"CE",2020-03-22,116,0,40,0,28.28,73,0,0,0,0,0
"Fortaleza",230440,"CE",2020-03-23,151,0,35,0,28.61,74,0,0,0,0,2
"Fortaleza",230440,"CE",2020-03-24,170,0,19,0,28.3,74.62,0,0,0,0,3
"Fortaleza",230440,"CE",2020-03-25,196,0,26,0,27.11,78.71,0,0,0,0,4
"Fortaleza",230440,"CE",2020-03-26,224,3,28,3,27.14,78.96,0,0,0,0,3
"Fortaleza",230440,"CE",2020-03-27,268,3,44,0,27.43,78.88,0,0,0,0,1
"Fortaleza",230440,"CE",2020-03-28,304,4,36,1,28.27,73.92,304,4,304,4,4
"Fortaleza",230440,"CE",2020-03-29,338,5,34,1,28.3,76.92,338,5,34,1,6
"Fortaleza",230440,"CE",2020-03-30,353,5,15,0,26.14,86.96,353,5,15,0,3
"Fortaleza",230440,"CE",2020-03-31,371,6,18,1,26.13,87.79,371,6,18,1,6
"Fortaleza",230440,"CE",2020-04-01,413,6,42,0,27.2,78.96,413,6,42,0,3
"Fortaleza",230440,"CE",2020-04-02,526,0,113,-6,28.17,78.42,507,16,94,10,9
"Fortaleza",230440,"CE",2020-04-03,600,17,74,17,28.52,76.46,600,17,93,1,7
"Fortaleza",230440,"CE",2020-04-04,681,18,81,1,26.57,86.92,680,17,80,0,6
"Fortaleza",230440,"CE",2020-04-05,869,26,188,8,27.91,80.7,744,20,64,3,11
"Fortaleza",230440,"CE",2020-04-06,929,27,60,1,27.78,80.96,925,24,181,4,9
"Fortaleza",230440,"CE",2020-04-07,1053,30,124,3,28.3,76.96,1053,30,128,6,4
"Fortaleza",230440,"CE",2020-04-08,1238,45,185,15,28.75,71.71,1213,41,160,11,9
"Fortaleza",230440,"CE",2020-04-09,1283,45,45,0,27.39,83.12,1283,45,70,4,10
"Fortaleza",230440,"CE",2020-04-10,1366,53,83,8,27.52,82.46,1366,53,83,8,9
"Fortaleza",230440,"CE",2020-04-11,1457,58,91,5,27.57,81.29,1457,58,91,5,12
"Fortaleza",230440,"CE",2020-04-12,1529,59,72,1,27.53,78.83,1529,59,72,1,14
"Fortaleza",230440,"CE",2020-04-13,1686,78,157,19,27.2,81.62,1686,78,157,19,17
"Fortaleza",230440,"CE",2020-04-14,1794,86,108,8,27.65,77.42,1794,86,108,8,16
"Fortaleza",230440,"CE",2020-04-15,1946,93,152,7,26.6,80.75,1946,93,152,7,17
"Fortaleza",230440,"CE",2020-04-16,2041,95,95,2,26.18,85.58,2041,95,95,2,19
"Fortaleza",230440,"CE",2020-04-17,2300,119,259,24,25.85,86.12,2263,113,222,18,23
"Fortaleza",230440,"CE",2020-04-18,2562,141,262,22,26.42,83,2562,141,299,28,24
"Fortaleza",230440,"CE",2020-04-19,2688,148,126,7,27.38,76.96,2688,148,126,7,31
"Fortaleza",230440,"CE",2020-04-20,2840,164,152,16,27.62,77.33,2840,164,152,16,35
"Fortaleza",230440,"CE",2020-04-21,3018,176,178,12,25.48,88.33,3018,178,178,14,29
"Fortaleza",230440,"CE",2020-04-22,3303,189,285,13,26.31,82.75,3303,189,285,11,25
"Fortaleza",230440,"CE",2020-04-23,3791,212,488,23,26.73,80.75,3791,212,488,23,23
"Fortaleza",230440,"CE",2020-04-24,4063,228,272,16,25.79,85.78,4063,228,272,16,42
"Fortaleza",230440,"CE",2020-04-25,4541,259,478,31,25.22,88.62,4541,259,478,31,42
"Fortaleza",230440,"CE",2020-04-26,4991,295,450,36,26.32,84.08,4852,285,311,26,39
"Fortaleza",230440,"CE",2020-04-27,5326,316,335,21,25.27,89.17,5280,310,428,25,39
"Fortaleza",230440,"CE",2020-04-28,5481,329,155,13,26.68,80.17,5481,329,201,19,47
"Fortaleza",230440,"CE",2020-04-29,5712,349,231,20,26.94,78.21,5712,349,231,20,59
"Fortaleza",230440,"CE",2020-04-30,5970,381,258,32,26.76,79.54,5875,373,163,24,83
"Fortaleza",230440,"CE",2020-05-01,6082,413,112,32,26.96,81,6083,403,208,30,80
"Fortaleza",230440,"CE",2020-05-02,6353,498,271,85,27.75,78.38,6353,498,270,95,81
"Fortaleza",230440,"CE",2020-05-03,6417,528,64,30,27.79,77.29,6417,528,64,30,98
"Fortaleza",230440,"CE",2020-05-04,8198,553,1781,25,27.42,76.25,8198,553,1781,25,82
"Fortaleza",230440,"CE",2020-05-05,8509,608,311,55,27.73,73.75,8509,608,311,55,108
"Fortaleza",230440,"CE",2020-05-06,9061,651,552,43,27.51,74.29,9061,651,552,43,113
"Fortaleza",230440,"CE",2020-05-07,9669,694,608,43,27.92,71.17,9669,694,608,43,117
"Fortaleza",230440,"CE",2020-05-08,10476,761,807,67,27.63,76.04,10348,741,679,47,106
"Fortaleza",230440,"CE",2020-05-09,10995,809,519,48,26.91,77,10995,809,647,68,129
"Fortaleza",230440,"CE",2020-05-10,11556,840,561,31,27.25,75.5,11556,840,561,31,102
"Fortaleza",230440,"CE",2020-05-11,11935,893,379,53,27.85,72.96,11935,893,379,53,131
"Fortaleza",230440,"CE",2020-05-12,12484,950,549,57,27.29,73.96,12484,950,549,57,133
"Fortaleza",230440,"CE",2020-05-13,13037,1022,553,72,27.34,75.5,13037,1022,553,72,112
"Fortaleza",230440,"CE",2020-05-14,13777,1039,740,17,27.3,76.58,13777,1039,740,17,118
"Fortaleza",230440,"CE",2020-05-15,14690,1137,913,98,25.25,88.54,14259,1088,482,49,100
"Fortaleza",230440,"CE",2020-05-16,15162,1163,472,26,24.68,90.62,15162,1163,903,75,97
"Fortaleza",230440,"CE",2020-05-17,15371,1174,209,11,26.42,80.42,15371,1174,209,11,114
"Fortaleza",230440,"CE",2020-05-18,16169,1253,798,79,26.98,80.83,16169,1253,798,79,104
"Fortaleza",230440,"CE",2020-05-19,16784,1307,615,54,27.6,78.46,16784,1307,615,54,110
"Fortaleza",230440,"CE",2020-05-20,18010,1333,1226,26,27.7,78.54,18010,1333,1226,26,95
"Fortaleza",230440,"CE",2020-05-21,18644,1503,634,170,26.34,84.12,18644,1503,634,170,96
"Fortaleza",230440,"CE",2020-05-22,19270,1548,626,45,26.74,80.58,19270,1548,626,45,93
"Fortaleza",230440,"CE",2020-05-23,19552,1574,282,26,26.45,82.17,19552,1574,282,26,77
"Fortaleza",230440,"CE",2020-05-24,19795,1579,243,5,26.93,80.39,19795,1579,243,5,71
"Fortaleza",230440,"CE",2020-05-25,20146,1687,351,108,27.14,77,20146,1687,351,108,97
"Fortaleza",230440,"CE",2020-05-26,20789,1769,643,82,27.28,78.75,20789,1769,643,82,55
"Fortaleza",230440,"CE",2020-05-27,20939,1783,150,14,27.3,77.29,20939,1783,150,14,65
"Fortaleza",230440,"CE",2020-05-28,21328,1804,389,21,27.56,78.17,21328,1804,389,21,75
"Fortaleza",230440,"CE",2020-05-29,21705,1877,377,73,26.8,80.33,21705,1877,377,73,69
"Fortaleza",230440,"CE",2020-05-30,23378,1939,1673,62,26.69,75.29,23378,1939,1673,62,57
"Fortaleza",230440,"CE",2020-05-31,23613,1967,235,28,25.48,85.67,23613,1967,235,28,59
"Fortaleza",230440,"CE",2020-06-01,24104,2084,491,117,26.48,80.88,24104,2084,491,117,58
"Fortaleza",230440,"CE",2020-06-02,25344,2277,1240,193,26.73,80.42,24897,2231,793,147,53
"Fortaleza",230440,"CE",2020-06-03,25726,2334,382,57,26.85,78.33,25726,2334,829,103,43
"Fortaleza",230440,"CE",2020-06-04,26514,2424,788,90,27.32,77.79,26514,2424,788,90,56
"Fortaleza",230440,"CE",2020-06-05,27074,2453,560,29,27.34,75.79,26933,2444,419,20,43
"Fortaleza",230440,"CE",2020-06-06,27320,2459,246,6,26.94,75,27320,2459,387,15,49
"Fortaleza",230440,"CE",2020-06-07,27411,2458,91,-1,25.39,85.33,27411,2458,91,-1,32
"Fortaleza",230440,"CE",2020-06-08,27889,2569,478,111,26.6,76.79,27706,2539,295,81,30
"Fortaleza",230440,"CE",2020-06-09,28550,2637,661,68,26.06,81.21,28366,2615,660,76,47
"Fortaleza",230440,"CE",2020-06-10,29322,2714,772,77,26.11,80.75,29141,2697,775,82,38
"Fortaleza",230440,"CE",2020-06-11,29951,2810,629,96,24.5,89.38,29711,2783,570,86,32
"Fortaleza",230440,"CE",2020-06-12,30210,2848,259,38,25.04,83.29,30171,2843,460,60,25
"Fortaleza",230440,"CE",2020-06-13,30210,2848,0,0,26.4,78.33,30323,2851,152,8,35
"Fortaleza",230440,"CE",2020-06-14,30426,2854,216,6,26.71,78.38,30409,2853,86,2,32
"Fortaleza",230440,"CE",2020-06-15,30863,2915,437,61,26.91,73.83,30863,2915,454,62,39
"Fortaleza",230440,"CE",2020-06-16,30986,3006,123,91,27.11,76.21,31149,2943,286,28,25
"Fortaleza",230440,"CE",2020-06-17,31841,3059,855,53,26.2,76.58,31779,3053,630,110,23
"Fortaleza",230440,"CE",2020-06-18,32226,3087,385,28,26.11,76.75,32093,3084,314,31,25
"Fortaleza",230440,"CE",2020-06-19,32531,3113,305,26,26.96,74.21,32473,3110,380,26,27
"Fortaleza",230440,"CE",2020-06-20,32794,3109,263,-4,26.73,74.33,32775,3112,302,2,26
"Fortaleza",230440,"CE",2020-06-21,32854,3110,60,1,26.5,70.5,32854,3110,79,-2,24
"Fortaleza",230440,"CE",2020-06-22,33198,3136,344,26,26.45,70.67,33072,3138,218,28,30
"Fortaleza",230440,"CE",2020-06-23,33755,3174,557,38,27.05,68.5,33751,3176,679,38,22
"Fortaleza",230440,"CE",2020-06-24,34027,3212,272,38,26.08,73.67,34027,3212,276,36,23
"Fortaleza",230440,"CE",2020-06-25,34448,3235,421,23,26.22,71.96,34313,3229,286,17,16
"Fortaleza",230440,"CE",2020-06-26,34719,3244,271,9,26.28,73.42,34580,3235,267,6,0
"Fortaleza",230440,"CE",2020-06-27,34992,3244,273,0,26.72,73.88,34929,3244,349,9,0
"Fortaleza",230440,"CE",2020-06-28,35012,3245,20,1,27.06,73.33,35029,3245,100,1,0
"Fortaleza",230440,"CE",2020-06-29,35081,3276,69,31,27.18,72.88,35081,3276,52,31,0
"Fortaleza",230440,"CE",2020-06-30,35313,3288,232,12,26.7,72.12,35313,3288,232,12,0
"Fortaleza",230440,"CE",2020-07-01,35615,3296,302,8,26.29,75.62,35523,3295,210,7,0
"Fortaleza",230440,"CE",2020-07-02,35899,3334,284,38,26.59,74.71,35784,3323,261,28,0
"Fortaleza",230440,"CE",2020-07-03,36272,3356,373,22,26.53,77.58,36100,3346,316,23,0
"Fortaleza",230440,"CE",2020-07-04,36875,3377,603,21,26.62,72.79,36828,3366,728,20,0
"Fortaleza",230440,"CE",2020-07-05,36875,3377,0,0,27.2,70.04,36875,3377,47,11,0
"Recife",261160,"PE",2020-03-12,2,0,2,0,27.81,75.33,0,0,0,0,0
"Recife",261160,"PE",2020-03-13,2,0,0,0,27.2,75.83,0,0,0,0,0
"Recife",261160,"PE",2020-03-14,6,0,4,0,27.81,71.46,0,0,0,0,0
"Recife",261160,"PE",2020-03-15,7,0,1,0,26.41,82.58,0,0,0,0,0
"Recife",261160,"PE",2020-03-16,7,0,0,0,26.24,82.12,0,0,0,0,0
"Recife",261160,"PE",2020-03-17,13,0,6,0,27.38,78.42,0,0,0,0,0
"Recife",261160,"PE",2020-03-18,14,0,1,0,27.96,76.5,0,0,0,0,0
"Recife",261160,"PE",2020-03-19,14,0,0,0,28.38,71.58,0,0,0,0,0
"Recife",261160,"PE",2020-03-20,14,0,0,0,27.73,75.25,0,0,0,0,0
"Recife",261160,"PE",2020-03-21,25,0,11,0,27.88,74.12,0,0,0,0,0
"Recife",261160,"PE",2020-03-22,28,0,3,0,28.01,74.62,0,0,0,0,0
"Recife",261160,"PE",2020-03-23,30,0,2,0,28.38,74.5,0,0,0,0,1
"Recife",261160,"PE",2020-03-24,30,0,0,0,27.56,77.38,0,0,0,0,0
"Recife",261160,"PE",2020-03-25,31,1,1,1,27.74,77.12,0,0,0,0,1
"Recife",261160,"PE",2020-03-26,33,2,2,1,27.76,74.42,0,0,0,0,3
"Recife",261160,"PE",2020-03-27,38,3,5,1,26.32,83.62,0,0,0,0,1
"Recife",261160,"PE",2020-03-28,46,4,8,1,27.21,80.21,46,4,46,4,0
"Recife",261160,"PE",2020-03-29,50,4,4,0,26.96,83.33,50,4,4,0,0
"Recife",261160,"PE",2020-03-30,52,4,2,0,25.94,87.38,53,4,3,0,1
"Recife",261160,"PE",2020-03-31,58,4,6,0,26.17,85.75,1,4,-52,0,0
"Recife",261160,"PE",2020-04-01,64,5,6,1,26.34,84.54,64,5,63,1,0
"Recife",261160,"PE",2020-04-02,74,6,10,1,26.19,86.38,74,6,10,1,0
"Recife",261160,"PE",2020-04-03,92,6,18,0,27.18,82.58,92,6,18,0,1
"Recife",261160,"PE",2020-04-04,119,10,27,4,27.88,81.29,119,10,27,4,4
"Recife",261160,"PE",2020-04-05,139,14,20,4,28.34,79.25,139,14,20,4,2
"Recife",261160,"PE",2020-04-06,146,16,7,2,28.38,77.25,146,16,7,2,0
"Recife",261160,"PE",2020-04-07,221,18,75,2,27.2,78.92,221,18,75,2,1
"Recife",261160,"PE",2020-04-08,254,21,33,3,27.26,76.5,254,22,33,4,2
"Recife",261160,"PE",2020-04-09,340,27,86,6,27.48,78.54,340,27,86,5,3
"Recife",261160,"PE",2020-04-10,413,32,73,5,28.2,77.25,413,32,73,5,2
"Recife",261160,"PE",2020-04-11,486,34,73,2,28.38,74.88,486,34,73,2,2
"Recife",261160,"PE",2020-04-12,557,37,71,3,27.87,74.04,557,37,71,3,4
"Recife",261160,"PE",2020-04-13,672,46,115,9,27.91,70.42,672,46,115,9,4
"Recife",261160,"PE",2020-04-14,733,50,61,4,27.31,73.42,733,49,61,3,6
"Recife",261160,"PE",2020-04-15,857,62,124,12,26.54,78.71,857,62,124,13,9
"Recife",261160,"PE",2020-04-16,958,70,101,8,26,87.25,958,70,101,8,7
"Recife",261160,"PE",2020-04-17,1136,85,178,15,26.95,83.33,1136,85,178,15,6
"Recife",261160,"PE",2020-04-18,1255,94,119,9,27.23,81.17,1255,94,119,9,10
"Recife",261160,"PE",2020-04-19,1399,100,144,6,26.12,85.5,1399,100,144,6,9
"Recife",261160,"PE",2020-04-20,1552,107,153,7,26.07,84.17,1552,106,153,6,9
"Recife",261160,"PE",2020-04-21,1687,114,135,7,25.87,85.83,1687,113,135,7,8
"Recife",261160,"PE",2020-04-22,1904,124,217,10,25.01,88.88,1904,124,217,11,9
"Recife",261160,"PE",2020-04-23,2062,138,158,14,26.71,80.33,2062,136,158,12,15
"Recife",261160,"PE",2020-04-24,1647,152,-415,14,24.96,91.71,2266,151,204,15,15
"Recife",261160,"PE",2020-04-25,1776,164,129,12,25.55,85.12,2534,162,268,11,20
"Recife",261160,"PE",2020-04-26,2722,182,946,18,25.97,84.58,2722,182,188,20,22
"Recife",261160,"PE",2020-04-27,2971,195,249,13,25.53,86.33,2973,197,251,15,16
"Recife",261160,"PE",2020-04-28,3158,219,187,24,26.39,78.08,3158,219,185,22,15
"Recife",261160,"PE",2020-04-29,3423,236,265,17,26.45,80.08,3425,238,267,19,20
"Recife",261160,"PE",2020-04-30,3780,250,357,14,25.66,86.71,3780,250,355,12,17
"Recife",261160,"PE",2020-05-01,4021,257,241,7,26.07,84.12,4020,257,240,7,20
"Recife",261160,"PE",2020-05-02,4453,267,432,10,26.82,79.12,4453,267,433,10,18
"Recife",261160,"PE",2020-05-03,4702,273,249,6,26.77,80.08,4702,273,249,6,24
"Recife",261160,"PE",2020-05-04,4807,295,105,22,26.55,78.46,4807,295,105,22,19
"Recife",261160,"PE",2020-05-05,4807,295,0,0,26.8,80.08,4989,320,182,25,15
"Recife",261160,"PE",2020-05-06,4807,295,0,0,27.49,76.54,5294,337,305,17,20
"Recife",261160,"PE",2020-05-07,5775,354,968,59,26.56,78.92,5775,354,481,17,38
"Recife",261160,"PE",2020-05-08,5775,354,0,0,26.15,77.96,6133,380,358,26,31
"Recife",261160,"PE",2020-05-09,6581,385,806,31,26.03,79.08,6588,393,455,13,38
"Recife",261160,"PE",2020-05-10,6984,415,403,30,25.95,80.87,6984,415,396,22,25
"Recife",261160,"PE",2020-05-11,7224,425,240,10,26.17,78.25,7224,425,240,10,33
"Recife",261160,"PE",2020-05-12,7477,450,253,25,25.88,83.29,7477,450,253,25,35
"Recife",261160,"PE",2020-05-13,7757,479,280,29,25.81,84.71,7757,479,280,29,36
"Recife",261160,"PE",2020-05-14,8096,507,339,28,26.29,84.08,8096,507,339,28,44
"Recife",261160,"PE",2020-05-15,8352,538,256,31,25.48,87.12,8352,538,256,31,31
"Recife",261160,"PE",2020-05-16,9413,573,1061,35,24.67,91.33,9413,573,1061,35,27
"Recife",261160,"PE",2020-05-17,9772,596,359,23,25.31,87.71,9772,596,359,23,29
"Recife",261160,"PE",2020-05-18,10047,645,275,49,26.24,84.04,10047,645,275,49,33
"Recife",261160,"PE",2020-05-19,10561,682,514,37,26.41,84.33,10561,682,514,37,27
"Recife",261160,"PE",2020-05-20,11054,715,493,33,25.69,87.88,11054,715,493,33,28
"Recife",261160,"PE",2020-05-21,11584,747,530,32,26.38,81.5,11584,747,530,32,41
"Recife",261160,"PE",2020-05-22,12523,803,939,56,26.42,82.46,12523,803,939,56,27
"Recife",261160,"PE",2020-05-23,12924,835,401,32,24.76,91.38,12924,835,401,32,26
"Recife",261160,"PE",2020-05-24,13297,851,373,16,25.33,86.5,13297,851,373,16,31
"Recife",261160,"PE",2020-05-25,13549,865,252,14,25.02,88.71,13549,865,252,14,38
"Recife",261160,"PE",2020-05-26,13712,902,163,37,26.88,81.12,13712,902,163,37,25
"Recife",261160,"PE",2020-05-27,14086,967,374,65,26.58,83,14086,967,374,65,28
"Recife",261160,"PE",2020-05-28,14365,1004,279,37,26.59,82.25,14365,1004,279,37,24
"Recife",261160,"PE",2020-05-29,14832,1040,467,36,24.56,85.79,14832,1040,467,36,29
"Recife",261160,"PE",2020-05-30,15165,1064,333,24,24.95,85.92,15165,1064,333,24,35
"Recife",261160,"PE",2020-05-31,15474,1081,309,17,25.65,82.83,15474,1081,309,17,20
"Recife",261160,"PE",2020-06-01,15565,1097,91,16,25.41,84.08,15565,1097,91,16,19
"Recife",261160,"PE",2020-06-02,15749,1100,184,3,25.98,82.58,15749,1100,184,3,22
"Recife",261160,"PE",2020-06-03,15977,1120,228,20,26.18,81.58,15977,1120,228,20,16
"Recife",261160,"PE",2020-06-04,16250,1177,273,57,26.13,84.25,16250,1177,273,57,25
"Recife",261160,"PE",2020-06-05,16520,1207,270,30,25.56,82.92,16520,1207,270,30,19
"Recife",261160,"PE",2020-06-06,16695,1235,175,28,24.84,87.25,16695,1235,175,28,20
"Recife",261160,"PE",2020-06-07,16909,1242,214,7,24.39,87.38,16909,1242,214,7,18
"Recife",261160,"PE",2020-06-08,17037,1270,128,28,25.05,83.5,17037,1270,128,28,17
"Recife",261160,"PE",2020-06-09,17133,1315,96,45,25.23,86.33,17133,1315,96,45,18
"Recife",261160,"PE",2020-06-10,17377,1361,244,46,24.95,87.21,17377,1361,244,46,15
"Recife",261160,"PE",2020-06-11,17685,1402,308,41,25.73,82.62,17685,1402,308,41,20
"Recife",261160,"PE",2020-06-12,17866,1439,181,37,25.77,79.33,17866,1439,181,37,11
"Recife",261160,"PE",2020-06-13,18102,1484,236,45,25.75,80.58,18102,1484,236,45,23
"Recife",261160,"PE",2020-06-14,18253,1529,151,45,25.06,85.75,18253,1529,151,45,13
"Recife",261160,"PE",2020-06-15,18333,1538,80,9,24.82,88.92,18333,1538,80,9,12
"Recife",261160,"PE",2020-06-16,18515,1563,182,25,24.65,84.54,18520,1563,187,25,10
"Recife",261160,"PE",2020-06-17,18762,1584,247,21,24.92,83.33,18762,1584,242,21,15
"Recife",261160,"PE",2020-06-18,18991,1594,229,10,24.89,85.08,18991,1594,229,10,9
"Recife",261160,"PE",2020-06-19,19192,1608,201,14,25.14,85.83,19192,1608,201,14,11
"Recife",261160,"PE",2020-06-20,19379,1615,187,7,26.51,72.33,19391,1615,199,7,15
"Recife",261160,"PE",2020-06-21,19613,1663,234,48,25.65,71.67,19613,1663,222,48,12
"Recife",261160,"PE",2020-06-22,19679,1662,66,-1,24.58,77.62,19682,1662,69,-1,12
"Recife",261160,"PE",2020-06-23,19718,1685,39,23,26.41,69,19724,1685,42,23,4
"Recife",261160,"PE",2020-06-24,19975,1719,257,34,25.18,76.25,19975,1719,251,34,14
"Recife",261160,"PE",2020-06-25,20165,1743,190,24,25.77,71.75,20165,1743,190,24,14
"Recife",261160,"PE",2020-06-26,20275,1781,110,38,24.23,83.83,20275,1781,110,38,0
"Recife",261160,"PE",2020-06-27,20441,1803,166,22,24.4,82.71,20441,1803,166,22,0
"Recife",261160,"PE",2020-06-28,20578,1807,137,4,23.55,87.54,20578,1807,137,4,0
"Recife",261160,"PE",2020-06-29,20656,1816,78,9,24.33,83.46,20656,1816,78,9,0
"Recife",261160,"PE",2020-06-30,20729,1825,73,9,23.35,83.04,20729,1825,73,9,0
"Recife",261160,"PE",2020-07-01,20895,1851,166,26,24.05,79.71,20895,1851,166,26,0
"Recife",261160,"PE",2020-07-02,21103,1872,208,21,24.56,80.96,21103,1872,208,21,0
"Recife",261160,"PE",2020-07-03,21255,1883,152,11,24.49,83.29,21255,1883,152,11,0
"Recife",261160,"PE",2020-07-04,21400,1892,145,9,23.91,79.38,21400,1892,145,9,0
"Recife",261160,"PE",2020-07-05,21683,1898,283,6,24,88,21683,1898,283,6,0
"Salvador",292740,"BA",2020-03-13,3,0,3,0,27.42,75.54,0,0,0,0,0
"Salvador",292740,"BA",2020-03-14,3,0,0,0,26.58,80.12,0,0,0,0,0
"Salvador",292740,"BA",2020-03-15,4,0,1,0,27.66,74.62,0,0,0,0,0
"Salvador",292740,"BA",2020-03-16,4,0,0,0,26.65,80.5,0,0,0,0,0
"Salvador",292740,"BA",2020-03-17,5,0,1,0,27.61,76.5,0,0,0,0,0
"Salvador",292740,"BA",2020-03-18,17,0,12,0,27.86,80.21,0,0,0,0,0
"Salvador",292740,"BA",2020-03-19,18,0,1,0,27.39,84,0,0,0,0,0
"Salvador",292740,"BA",2020-03-20,18,0,0,0,28.07,79.38,0,0,0,0,0
"Salvador",292740,"BA",2020-03-21,23,0,5,0,28.27,76.58,0,0,0,0,0
"Salvador",292740,"BA",2020-03-22,33,0,10,0,28.12,76.29,0,0,0,0,0
"Salvador",292740,"BA",2020-03-23,37,0,4,0,26.83,84,0,0,0,0,0
"Salvador",292740,"BA",2020-03-24,45,0,8,0,25.7,87.75,0,0,0,0,0
"Salvador",292740,"BA",2020-03-25,54,0,9,0,26.02,84.25,0,0,0,0,0
"Salvador",292740,"BA",2020-03-26,60,0,6,0,26.18,82.25,0,0,0,0,1
"Salvador",292740,"BA",2020-03-27,78,0,18,0,27.1,78.58,0,0,0,0,0
"Salvador",292740,"BA",2020-03-28,81,0,3,0,27.07,86.88,82,0,82,0,1
"Salvador",292740,"BA",2020-03-29,103,1,22,1,27.2,81.79,103,1,21,1,0
"Salvador",292740,"BA",2020-03-30,117,2,14,1,27.54,75.33,117,1,14,0,1
"Salvador",292740,"BA",2020-03-31,132,2,15,0,27.01,84.88,132,2,15,1,0
"Salvador",292740,"BA",2020-04-01,153,2,21,0,27.58,81.88,153,2,21,0,1
"Salvador",292740,"BA",2020-04-02,167,3,14,1,27.48,78.79,167,3,14,1,3
"Salvador",292740,"BA",2020-04-03,183,5,16,2,27.25,79.08,183,5,16,2,2
"Salvador",292740,"BA",2020-04-04,215,5,32,0,28.55,76.88,215,5,32,0,0
"Salvador",292740,"BA",2020-04-05,244,7,29,2,28.55,82.17,243,7,28,2,0
"Salvador",292740,"BA",2020-04-06,263,8,19,1,25.27,93.54,257,8,14,1,1
"Salvador",292740,"BA",2020-04-07,269,10,6,2,27.1,82.79,268,10,11,2,1
"Salvador",292740,"BA",2020-04-08,292,11,23,1,27.16,85.04,290,11,22,1,1
"Salvador",292740,"BA",2020-04-09,314,11,22,0,27.48,80.62,312,11,22,0,1
"Salvador",292740,"BA",2020-04-10,343,11,29,0,27.46,82.46,341,11,29,0,0
"Salvador",292740,"BA",2020-04-11,355,11,12,0,26.88,84.96,353,11,12,0,1
"Salvador",292740,"BA",2020-04-12,364,11,9,0,27.02,85.96,362,11,9,0,0
"Salvador",292740,"BA",2020-04-13,390,11,26,0,25.45,89.75,388,11,26,0,1
"Salvador",292740,"BA",2020-04-14,428,13,38,2,26.37,85.33,425,13,37,2,1
"Salvador",292740,"BA",2020-04-15,522,15,94,2,26.87,80.79,519,0,94,-13,2
"Salvador",292740,"BA",2020-04-16,572,18,50,3,27.63,78.25,569,18,50,18,2
"Salvador",292740,"BA",2020-04-17,643,18,71,0,27.46,82.33,642,18,73,0,1
"Salvador",292740,"BA",2020-04-18,760,19,117,1,26.98,84.54,759,19,117,1,2
"Salvador",292740,"BA",2020-04-19,764,22,4,3,25.76,88.5,762,22,3,3,5
"Salvador",292740,"BA",2020-04-20,824,23,60,1,24.73,91.62,821,23,59,1,2
"Salvador",292740,"BA",2020-04-21,927,23,103,0,24.81,90.96,922,24,101,1,4
"Salvador",292740,"BA",2020-04-22,1039,27,112,4,25.87,87,1034,28,112,4,3
"Salvador",292740,"BA",2020-04-23,1137,34,98,7,24.78,90.67,1131,34,97,6,3
"Salvador",292740,"BA",2020-04-24,1223,37,86,3,25.56,83.96,1218,37,87,3,5
"Salvador",292740,"BA",2020-04-25,1308,38,85,1,25.91,79.29,1303,38,85,1,4
"Salvador",292740,"BA",2020-04-26,1362,39,54,1,25.4,89.71,1357,39,54,1,1
"Salvador",292740,"BA",2020-04-27,1435,48,73,9,24.85,87.04,1430,48,73,9,3
"Salvador",292740,"BA",2020-04-28,1583,56,148,8,26.27,79,1578,56,148,8,5
"Salvador",292740,"BA",2020-04-29,1645,62,62,6,24.98,83.79,1639,62,61,6,3
"Salvador",292740,"BA",2020-04-30,1790,67,145,5,24.79,88.58,1784,67,145,5,10
"Salvador",292740,"BA",2020-05-01,2001,76,211,9,25.4,88.67,1995,76,211,9,4
"Salvador",292740,"BA",2020-05-02,2106,78,105,2,26.17,86.29,2100,78,105,2,9
"Salvador",292740,"BA",2020-05-03,2253,80,147,2,26.4,85,2247,80,147,2,11
"Salvador",292740,"BA",2020-05-04,2377,91,124,11,25.67,86.79,2370,91,123,11,11
"Salvador",292740,"BA",2020-05-05,2606,95,229,4,26.25,81.42,2599,95,229,4,6
"Salvador",292740,"BA",2020-05-06,2754,98,148,3,25.41,87.29,2746,98,147,3,8
"Salvador",292740,"BA",2020-05-07,2884,101,130,3,25.75,89.92,2877,101,131,3,11
"Salvador",292740,"BA",2020-05-08,3136,118,252,17,25.23,91.46,3129,118,252,17,14
"Salvador",292740,"BA",2020-05-09,3349,127,213,9,24.37,87.21,3342,127,213,9,11
"Salvador",292740,"BA",2020-05-10,3677,128,328,1,24.78,82.17,3670,128,328,1,9
"Salvador",292740,"BA",2020-05-11,3891,138,214,10,23.52,94.33,3884,138,214,10,10
"Salvador",292740,"BA",2020-05-12,4120,145,229,7,25.31,89.17,4107,145,223,7,11
"Salvador",292740,"BA",2020-05-13,4362,148,242,3,24.2,91.79,4349,148,242,3,9
"Salvador",292740,"BA",2020-05-14,4632,167,270,19,25.15,88.29,4619,167,270,19,14
"Salvador",292740,"BA",2020-05-15,4843,181,211,14,25.8,87,4842,204,223,37,11
"Salvador",292740,"BA",2020-05-16,5280,184,437,3,26.1,84.08,5267,185,425,-19,15
"Salvador",292740,"BA",2020-05-17,5330,189,50,5,25.04,87.54,5317,213,50,28,23
"Salvador",292740,"BA",2020-05-18,5339,202,9,13,25.49,87.08,5326,229,9,16,15
"Salvador",292740,"BA",2020-05-19,5331,215,-8,13,24.69,89.67,7106,215,1780,-14,13
"Salvador",292740,"BA",2020-05-20,5331,241,0,26,26.01,77.71,7169,241,63,26,27
"Salvador",292740,"BA",2020-05-21,6880,248,1549,7,24.78,89.04,7578,248,409,7,21
"Salvador",292740,"BA",2020-05-22,7118,257,238,9,24.2,93.58,7860,257,282,9,23
"Salvador",292740,"BA",2020-05-23,8026,264,908,7,25.52,89.29,8084,264,224,7,29
"Salvador",292740,"BA",2020-05-24,8613,303,587,39,25.85,87.46,8734,303,650,39,31
"Salvador",292740,"BA",2020-05-25,8860,314,247,11,25.59,88.17,8941,314,207,11,14
"Salvador",292740,"BA",2020-05-26,9094,328,234,14,26.42,86.21,9227,328,286,14,25
"Salvador",292740,"BA",2020-05-27,9389,357,295,29,26.48,87.21,9472,357,245,29,28
"Salvador",292740,"BA",2020-05-28,9874,390,485,33,25.52,81.33,10006,390,534,33,17
"Salvador",292740,"BA",2020-05-29,10353,421,479,31,24.64,73.46,10485,421,479,31,27
"Salvador",292740,"BA",2020-05-30,10724,443,371,22,23.91,83.38,10791,443,306,22,31
"Salvador",292740,"BA",2020-05-31,11087,453,363,10,24.82,78.71,11218,453,427,10,20
"Salvador",292740,"BA",2020-06-01,11431,474,344,21,25.33,81.54,11499,474,281,21,24
"Salvador",292740,"BA",2020-06-02,12850,493,1419,19,25.27,90.12,12954,493,1455,19,30
"Salvador",292740,"BA",2020-06-03,13278,511,428,18,26.3,85.75,13367,511,413,18,25
"Salvador",292740,"BA",2020-06-04,13745,535,467,24,25.11,92.08,13801,535,434,24,26
"Salvador",292740,"BA",2020-06-05,15173,558,1428,23,23.34,94.12,15260,558,1459,23,30
"Salvador",292740,"BA",2020-06-06,15691,579,518,21,25.1,84.38,15724,579,464,21,29
"Salvador",292740,"BA",2020-06-07,16001,600,310,21,25.25,86,16099,600,375,21,26
"Salvador",292740,"BA",2020-06-08,16001,600,0,0,24.94,78.88,16323,622,224,22,32
"Salvador",292740,"BA",2020-06-09,17176,640,1175,40,24.37,89.17,17224,640,901,18,23
"Salvador",292740,"BA",2020-06-10,18151,674,975,34,24.75,90.12,18201,674,977,34,36
"Salvador",292740,"BA",2020-06-11,18706,707,555,33,25.62,84.58,18784,707,583,33,36
"Salvador",292740,"BA",2020-06-12,19027,720,321,13,26,82.38,19093,720,309,13,30
"Salvador",292740,"BA",2020-06-13,19687,728,660,8,25.65,80.42,19732,728,639,8,32
"Salvador",292740,"BA",2020-06-14,19860,742,173,14,25.62,78.04,19893,742,161,14,31
"Salvador",292740,"BA",2020-06-15,20525,752,665,10,25.43,80.46,20638,752,745,10,34
"Salvador",292740,"BA",2020-06-16,21162,775,637,23,26.07,73.83,21203,775,565,23,23
"Salvador",292740,"BA",2020-06-17,21893,800,731,25,25.73,75.71,21955,800,752,25,21
"Salvador",292740,"BA",2020-06-18,21928,827,35,27,24.76,87.62,22254,827,299,27,28
"Salvador",292740,"BA",2020-06-19,22155,854,227,27,24.87,85.17,22777,854,523,27,23
"Salvador",292740,"BA",2020-06-20,23047,884,892,30,25.24,78.33,23124,884,347,30,29
"Salvador",292740,"BA",2020-06-21,23411,904,364,20,25.15,76.33,23483,904,359,20,23
"Salvador",292740,"BA",2020-06-22,23639,919,228,15,24.01,92.58,23663,919,180,15,18
"Salvador",292740,"BA",2020-06-23,24348,953,709,34,24.94,73.75,24393,953,730,34,22
"Salvador",292740,"BA",2020-06-24,25749,991,1401,38,25.37,74.04,25803,991,1410,38,16
"Salvador",292740,"BA",2020-06-25,26814,1029,1065,38,24.2,87.5,26864,1029,1061,38,21
"Salvador",292740,"BA",2020-06-26,27666,1046,852,17,23.8,88,27713,1046,849,17,0
"Salvador",292740,"BA",2020-06-27,31141,1065,3475,19,24.17,83.33,31199,1065,3486,19,0
"Salvador",292740,"BA",2020-06-28,32332,1093,1191,28,24.35,81.42,32402,1093,1203,28,0
"Salvador",292740,"BA",2020-06-29,32599,1129,267,36,24.82,78.12,32673,1129,271,36,0
"Salvador",292740,"BA",2020-06-30,33505,1163,906,34,24.12,90.04,33911,1163,1238,34,0
"Salvador",292740,"BA",2020-07-01,34613,1189,1108,26,24.36,76.25,35026,1189,1115,26,0
"Salvador",292740,"BA",2020-07-02,35837,1209,1224,20,24.25,79.79,35881,1209,855,20,0
"Salvador",292740,"BA",2020-07-03,36813,1234,976,25,24.71,84.5,36856,1234,975,25,0
"Salvador",292740,"BA",2020-07-04,38030,1256,1217,22,24.3,85.25,38052,1256,1196,22,0
"Salvador",292740,"BA",2020-07-05,38467,1277,437,21,25.77,71.71,38511,1277,459,21,0
"Belo Horizonte",310620,"MG",2020-03-16,1,0,1,0,21.85,72.08,0,0,0,0,0
"Belo Horizonte",310620,"MG",2020-03-17,5,0,4,0,21.88,74.96,0,0,0,0,0
"Belo Horizonte",310620,"MG",2020-03-18,10,0,5,0,21.7,78.04,0,0,0,0,0
"Belo Horizonte",310620,"MG",2020-03-19,18,0,8,0,21.74,81.58,0,0,0,0,0
"Belo Horizonte",310620,"MG",2020-03-20,20,0,2,0,20.62,91,0,0,0,0,0
"Belo Horizonte",310620,"MG",2020-03-21,30,0,10,0,19.9,93.88,0,0,0,0,0
"Belo Horizonte",310620,"MG",2020-03-22,30,0,0,0,18.6,93.83,0,0,0,0,0
"Belo Horizonte",310620,"MG",2020-03-23,60,0,30,0,18.86,83.04,0,0,0,0,0
"Belo Horizonte",310620,"MG",2020-03-24,87,0,27,0,17.93,77.25,0,0,0,0,1
"Belo Horizonte",310620,"MG",2020-03-25,90,0,3,0,18.51,72.79,0,0,0,0,1
"Belo Horizonte",310620,"MG",2020-03-26,96,0,6,0,18.49,79.04,0,0,0,0,0
"Belo Horizonte",310620,"MG",2020-03-27,118,0,22,0,18.48,82.96,0,0,0,0,0
"Belo Horizonte",310620,"MG",2020-03-28,129,0,11,0,19.7,77.21,129,0,129,0,0
"Belo Horizonte",310620,"MG",2020-03-29,143,0,14,0,21.16,78.04,143,0,14,0,1
"Belo Horizonte",310620,"MG",2020-03-30,163,1,20,1,22.13,75.67,163,1,20,1,1
"Belo Horizonte",310620,"MG",2020-03-31,163,2,0,1,22.06,73.83,163,2,0,1,1
"Belo Horizonte",310620,"MG",2020-04-01,188,2,25,0,20.7,85.04,188,2,25,0,1
"Belo Horizonte",310620,"MG",2020-04-02,210,3,22,1,20.51,89.58,210,3,22,1,3
"Belo Horizonte",310620,"MG",2020-04-03,225,3,15,0,21.74,82.96,225,3,15,0,3
"Belo Horizonte",310620,"MG",2020-04-04,237,3,12,0,21.12,86.75,237,3,12,0,3
"Belo Horizonte",310620,"MG",2020-04-05,262,3,25,0,22.58,79.25,262,3,25,0,1
"Belo Horizonte",310620,"MG",2020-04-06,264,4,2,1,21.68,82.46,264,4,2,1,2
"Belo Horizonte",310620,"MG",2020-04-07,275,5,11,1,21.73,86.33,275,5,11,1,2
"Belo Horizonte",310620,"MG",2020-04-08,299,6,24,1,20.19,90,299,6,24,1,0
"Belo Horizonte",310620,"MG",2020-04-09,310,6,11,0,19.27,89.46,310,6,11,0,0
"Belo Horizonte",310620,"MG",2020-04-10,330,6,20,0,20.13,84.96,330,6,20,0,2
"Belo Horizonte",310620,"MG",2020-04-11,338,6,8,0,20.77,85.08,338,6,8,0,0
"Belo Horizonte",310620,"MG",2020-04-12,355,6,17,0,19.58,88.83,355,6,17,0,0
"Belo Horizonte",310620,"MG",2020-04-13,357,6,2,0,18.53,85.58,357,6,2,0,0
"Belo Horizonte",310620,"MG",2020-04-14,373,6,16,0,19.3,81.29,373,6,16,0,3
"Belo Horizonte",310620,"MG",2020-04-15,380,6,7,0,19.04,88.62,380,6,7,0,3
"Belo Horizonte",310620,"MG",2020-04-16,390,7,10,1,18.35,90.88,390,7,10,1,2
"Belo Horizonte",310620,"MG",2020-04-17,406,8,16,1,19.47,87.33,406,8,16,1,0
"Belo Horizonte",310620,"MG",2020-04-18,420,8,14,0,18.82,86.12,420,8,14,0,4
"Belo Horizonte",310620,"MG",2020-04-19,448,8,28,0,17.11,85.62,448,8,28,0,1
"Belo Horizonte",310620,"MG",2020-04-20,460,8,12,0,17.89,78.42,460,8,12,0,4
"Belo Horizonte",310620,"MG",2020-04-21,467,8,7,0,18.44,76.29,467,8,7,0,1
"Belo Horizonte",310620,"MG",2020-04-22,487,9,20,1,19.06,74.33,487,9,20,1,1
"Belo Horizonte",310620,"MG",2020-04-23,491,9,4,0,19.07,80.33,491,9,4,0,3
"Belo Horizonte",310620,"MG",2020-04-24,519,11,28,2,19.02,80.71,519,11,28,2,1
"Belo Horizonte",310620,"MG",2020-04-25,528,11,9,0,18.18,74.04,528,11,9,0,3
"Belo Horizonte",310620,"MG",2020-04-26,544,11,16,0,19.02,76.92,544,11,16,0,1
"Belo Horizonte",310620,"MG",2020-04-27,559,11,15,0,18.23,72.88,559,11,15,0,8
"Belo Horizonte",310620,"MG",2020-04-28,569,14,10,3,16.63,73.42,569,14,10,3,1
"Belo Horizonte",310620,"MG",2020-04-29,577,16,8,2,17.34,69.21,577,16,8,2,3
"Belo Horizonte",310620,"MG",2020-04-30,593,17,16,1,18.72,63.96,593,17,16,1,2
"Belo Horizonte",310620,"MG",2020-05-01,610,20,17,3,19.89,56.62,610,20,17,3,4
"Belo Horizonte",310620,"MG",2020-05-02,626,20,16,0,20.23,56.83,626,20,16,0,2
"Belo Horizonte",310620,"MG",2020-05-03,646,20,20,0,20.02,60.83,646,20,20,0,2
"Belo Horizonte",310620,"MG",2020-05-04,845,20,199,0,16.82,79.38,845,20,199,0,0
"Belo Horizonte",310620,"MG",2020-05-05,851,22,6,2,18.1,81.71,851,22,6,2,4
"Belo Horizonte",310620,"MG",2020-05-06,857,23,6,1,20.27,67.5,857,23,6,1,4
"Belo Horizonte",310620,"MG",2020-05-07,915,25,58,2,17.15,90.21,915,25,58,2,3
"Belo Horizonte",310620,"MG",2020-05-08,926,25,11,0,15.11,82.42,926,25,11,0,5
"Belo Horizonte",310620,"MG",2020-05-09,960,26,34,1,14.86,73.88,960,26,34,1,2
"Belo Horizonte",310620,"MG",2020-05-10,973,26,13,0,14.03,76.46,973,26,13,0,1
"Belo Horizonte",310620,"MG",2020-05-11,979,26,6,0,15.44,69.29,979,26,6,0,1
"Belo Horizonte",310620,"MG",2020-05-12,992,26,13,0,17.12,72.25,992,26,13,0,2
"Belo Horizonte",310620,"MG",2020-05-13,1048,28,56,2,18.2,78.67,1048,28,56,2,3
"Belo Horizonte",310620,"MG",2020-05-14,1068,28,20,0,18.77,82.96,1068,28,20,0,3
"Belo Horizonte",310620,"MG",2020-05-15,1088,29,20,1,17.83,89.75,1088,29,20,1,0
"Belo Horizonte",310620,"MG",2020-05-16,1150,29,62,0,16.45,97.17,1150,29,62,0,1
"Belo Horizonte",310620,"MG",2020-05-17,1160,31,10,2,17.68,83.88,1160,31,10,2,4
"Belo Horizonte",310620,"MG",2020-05-18,1189,31,29,0,17.81,80.25,1189,31,29,0,2
"Belo Horizonte",310620,"MG",2020-05-19,1249,33,60,2,16.95,79.62,1249,33,60,2,2
"Belo Horizonte",310620,"MG",2020-05-20,1287,35,38,2,16.31,82.04,1287,35,38,2,6
"Belo Horizonte",310620,"MG",2020-05-21,1316,36,29,1,16.43,83.04,1316,36,29,1,1
"Belo Horizonte",310620,"MG",2020-05-22,1351,39,35,3,17.44,79.17,1351,39,35,3,2
"Belo Horizonte",310620,"MG",2020-05-23,1393,42,42,3,19.24,78.75,1393,42,42,3,5
"Belo Horizonte",310620,"MG",2020-05-24,1434,42,41,0,17.5,93.92,1434,42,41,0,0
"Belo Horizonte",310620,"MG",2020-05-25,1444,42,10,0,16.12,91.04,1444,42,10,0,4
"Belo Horizonte",310620,"MG",2020-05-26,1534,43,90,1,14.78,73.12,1534,43,90,1,2
"Belo Horizonte",310620,"MG",2020-05-27,1613,43,79,0,15.52,51.5,1613,43,79,0,0
"Belo Horizonte",310620,"MG",2020-05-28,1674,46,61,3,16.08,56.46,1674,46,61,3,2
"Belo Horizonte",310620,"MG",2020-05-29,1766,48,92,2,15,63.88,1766,48,92,2,6
"Belo Horizonte",310620,"MG",2020-05-30,1778,49,12,1,14.97,74.71,1778,49,12,1,0
"Belo Horizonte",310620,"MG",2020-05-31,1852,49,74,0,15.32,73.75,1852,49,74,0,3
"Belo Horizonte",310620,"MG",2020-06-01,1882,49,30,0,16.76,67.42,1882,49,30,0,2
"Belo Horizonte",310620,"MG",2020-06-02,1912,51,30,2,18.14,66.42,1912,51,30,2,5
"Belo Horizonte",310620,"MG",2020-06-03,2029,51,117,0,19.85,63.12,2029,51,117,0,5
"Belo Horizonte",310620,"MG",2020-06-04,2144,55,115,4,18.5,80.42,2144,55,115,4,7
"Belo Horizonte",310620,"MG",2020-06-05,2305,58,161,3,16.97,81.71,2305,58,161,3,2
"Belo Horizonte",310620,"MG",2020-06-06,2408,60,103,2,17.33,80.42,2408,60,103,2,5
"Belo Horizonte",310620,"MG",2020-06-07,2497,59,89,-1,17.74,78.96,2497,59,89,-1,4
"Belo Horizonte",310620,"MG",2020-06-08,2514,59,17,0,20.2,72.12,2514,59,17,0,2
"Belo Horizonte",310620,"MG",2020-06-09,2549,62,35,3,20.12,69,2549,62,35,3,9
"Belo Horizonte",310620,"MG",2020-06-10,2832,62,283,0,21.22,54.17,2832,62,283,0,3
"Belo Horizonte",310620,"MG",2020-06-11,2919,66,87,4,21,54.75,2919,66,87,4,4
"Belo Horizonte",310620,"MG",2020-06-12,3094,66,175,0,21.36,59.29,3094,66,175,0,7
"Belo Horizonte",310620,"MG",2020-06-13,3224,67,130,1,19.94,62.29,3224,67,130,1,9
"Belo Horizonte",310620,"MG",2020-06-14,3425,67,201,0,19.4,65.29,3425,67,201,0,8
"Belo Horizonte",310620,"MG",2020-06-15,3487,67,62,0,17.76,75.04,3487,67,62,0,8
"Belo Horizonte",310620,"MG",2020-06-16,3488,76,1,9,16.1,89.42,3488,76,1,9,7
"Belo Horizonte",310620,"MG",2020-06-17,3631,83,143,7,14.25,87.83,3631,83,143,7,6
"Belo Horizonte",310620,"MG",2020-06-18,3810,87,179,4,14.55,80.62,3810,87,179,4,10
"Belo Horizonte",310620,"MG",2020-06-19,3879,90,69,3,16.39,79.96,3879,90,69,3,8
"Belo Horizonte",310620,"MG",2020-06-20,3992,96,113,6,17.98,85.29,3992,96,113,6,8
"Belo Horizonte",310620,"MG",2020-06-21,4083,96,91,0,17.24,77.79,4083,96,91,0,8
"Belo Horizonte",310620,"MG",2020-06-22,4428,96,345,0,17.09,69.92,4428,96,345,0,19
"Belo Horizonte",310620,"MG",2020-06-23,4667,96,239,0,16.59,57.71,4667,96,239,0,2
"Belo Horizonte",310620,"MG",2020-06-24,4772,104,105,8,16.21,62.12,4772,104,105,8,6
"Belo Horizonte",310620,"MG",2020-06-25,4942,106,170,2,17.1,69.79,4942,106,170,2,6
"Belo Horizonte",310620,"MG",2020-06-26,4977,109,35,3,19.35,63.25,4977,109,35,3,0
"Belo Horizonte",310620,"MG",2020-06-27,4977,108,0,-1,17.9,65.88,4977,108,0,-1,0
"Belo Horizonte",310620,"MG",2020-06-28,5195,108,218,0,18.29,67.29,5195,108,218,0,0
"Belo Horizonte",310620,"MG",2020-06-29,5440,130,245,22,14.73,84,5440,130,245,22,0
"Belo Horizonte",310620,"MG",2020-06-30,5510,136,70,6,16.25,82.71,5510,136,70,6,0
"Belo Horizonte",310620,"MG",2020-07-01,5915,144,405,8,17.88,80.21,5915,144,405,8,0
"Belo Horizonte",310620,"MG",2020-07-02,6570,157,655,13,18.91,71.62,6570,157,655,13,0
"Belo Horizonte",310620,"MG",2020-07-03,7144,168,574,11,18.5,74,7144,168,574,11,0
"Belo Horizonte",310620,"MG",2020-07-04,7561,176,417,8,18.1,76,7561,176,417,8,0
"Belo Horizonte",310620,"MG",2020-07-05,7890,176,329,0,17.35,79.62,7890,176,329,0,0
"Rio de Janeiro",330455,"RJ",2020-03-06,1,0,1,0,23.93,78.21,0,0,0,0,0
"Rio de Janeiro",330455,"RJ",2020-03-07,1,0,0,0,23.98,75.04,0,0,0,0,0
"Rio de Janeiro",330455,"RJ",2020-03-08,2,0,1,0,24.53,78.67,0,0,0,0,0
"Rio de Janeiro",330455,"RJ",2020-03-09,2,0,0,0,25.35,77.33,0,0,0,0,0
"Rio de Janeiro",330455,"RJ",2020-03-10,2,0,0,0,25.45,79.92,0,0,0,0,0
"Rio de Janeiro",330455,"RJ",2020-03-11,2,0,0,0,24.98,76.92,0,0,0,0,0
"Rio de Janeiro",330455,"RJ",2020-03-12,13,0,11,0,24.74,75.67,0,0,0,0,0
"Rio de Janeiro",330455,"RJ",2020-03-13,13,0,0,0,25.11,80.92,0,0,0,0,0
"Rio de Janeiro",330455,"RJ",2020-03-14,13,0,0,0,24.68,87.54,0,0,0,0,0
"Rio de Janeiro",330455,"RJ",2020-03-15,22,0,9,0,25.32,81.71,0,0,0,0,0
"Rio de Janeiro",330455,"RJ",2020-03-16,23,0,1,0,26.7,72.54,0,0,0,0,0
"Rio de Janeiro",330455,"RJ",2020-03-17,23,0,0,0,25.52,80.04,0,0,0,0,0
"Rio de Janeiro",330455,"RJ",2020-03-18,55,0,32,0,25.65,82.12,0,0,0,0,0
"Rio de Janeiro",330455,"RJ",2020-03-19,56,0,1,0,26.8,79.25,0,0,0,0,1
"Rio de Janeiro",330455,"RJ",2020-03-20,56,0,0,0,27.04,78.25,0,0,0,0,0
"Rio de Janeiro",330455,"RJ",2020-03-21,99,0,43,0,23.87,90.42,0,0,0,0,1
"Rio de Janeiro",330455,"RJ",2020-03-22,168,0,69,0,23.93,82.5,0,0,0,0,1
"Rio de Janeiro",330455,"RJ",2020-03-23,212,1,44,1,23.82,76.17,0,0,0,0,2
"Rio de Janeiro",330455,"RJ",2020-03-24,276,3,64,2,23.79,73.17,0,0,0,0,0
"Rio de Janeiro",330455,"RJ",2020-03-25,331,5,55,2,23.66,72.54,0,0,0,0,4
"Rio de Janeiro",330455,"RJ",2020-03-26,368,6,37,1,23.85,75.17,0,0,0,0,4
"Rio de Janeiro",330455,"RJ",2020-03-27,431,6,63,0,24.66,75.29,0,0,0,0,5
"Rio de Janeiro",330455,"RJ",2020-03-28,489,9,58,3,24.68,76.04,489,9,489,9,6
"Rio de Janeiro",330455,"RJ",2020-03-29,516,13,27,4,24.32,81.79,516,13,27,4,5
"Rio de Janeiro",330455,"RJ",2020-03-30,553,13,37,0,23.77,87.79,553,13,37,0,8
"Rio de Janeiro",330455,"RJ",2020-03-31,586,18,33,5,24.58,85.58,586,18,33,5,10
"Rio de Janeiro",330455,"RJ",2020-04-01,697,20,111,2,24.05,83.92,697,20,111,2,16
"Rio de Janeiro",330455,"RJ",2020-04-02,798,31,101,11,24.08,82.5,798,31,101,11,12
"Rio de Janeiro",330455,"RJ",2020-04-03,867,36,69,5,27.08,66.21,867,36,69,5,19
"Rio de Janeiro",330455,"RJ",2020-04-04,982,38,115,2,22.92,70.38,982,38,115,2,18
"Rio de Janeiro",330455,"RJ",2020-04-05,1068,42,86,4,23.48,76.79,1068,42,86,4,23
"Rio de Janeiro",330455,"RJ",2020-04-06,1110,47,42,5,24.19,79.38,1110,47,42,5,16
"Rio de Janeiro",330455,"RJ",2020-04-07,1251,59,141,12,23.43,87.46,1251,59,141,12,17
"Rio de Janeiro",330455,"RJ",2020-04-08,1449,73,198,14,21.58,91.54,1449,73,198,14,21
"Rio de Janeiro",330455,"RJ",2020-04-09,1633,82,184,9,21.7,79.67,1633,82,184,9,21
"Rio de Janeiro",330455,"RJ",2020-04-10,1808,92,175,10,22.09,75.83,1808,92,175,10,23
"Rio de Janeiro",330455,"RJ",2020-04-11,1905,98,97,6,22.08,79.96,1905,98,97,6,30
"Rio de Janeiro",330455,"RJ",2020-04-12,1996,106,91,8,22.2,81.21,1996,106,91,8,44
"Rio de Janeiro",330455,"RJ",2020-04-13,2322,115,326,9,23.21,75.38,2322,115,326,9,39
"Rio de Janeiro",330455,"RJ",2020-04-14,2393,140,71,25,24.03,70.08,2393,140,71,25,36
"Rio de Janeiro",330455,"RJ",2020-04-15,2519,167,126,27,24.98,78.58,2519,167,126,27,60
"Rio de Janeiro",330455,"RJ",2020-04-16,2659,195,140,28,23.37,85.71,2659,195,140,28,50
"Rio de Janeiro",330455,"RJ",2020-04-17,2946,219,287,24,22.12,83.17,2946,219,287,24,44
"Rio de Janeiro",330455,"RJ",2020-04-18,3059,237,113,18,22.57,78.62,3059,237,113,18,57
"Rio de Janeiro",330455,"RJ",2020-04-19,3126,245,67,8,22.75,78.62,3126,245,67,8,64
"Rio de Janeiro",330455,"RJ",2020-04-20,3243,257,117,12,22.42,79.75,3243,257,117,12,72
"Rio de Janeiro",330455,"RJ",2020-04-21,3587,283,344,26,22.6,78.54,3587,283,344,26,72
"Rio de Janeiro",330455,"RJ",2020-04-22,3656,303,69,20,23.4,80.42,3656,303,69,20,86
"Rio de Janeiro",330455,"RJ",2020-04-23,4027,322,371,19,24.06,78.42,4027,322,371,19,80
"Rio de Janeiro",330455,"RJ",2020-04-24,4091,347,64,25,23.82,76.04,4091,347,64,25,89
"Rio de Janeiro",330455,"RJ",2020-04-25,4481,367,390,20,23.69,73,4481,367,390,20,107
"Rio de Janeiro",330455,"RJ",2020-04-26,4498,382,17,15,24.12,78.25,4498,382,17,15,115
"Rio de Janeiro",330455,"RJ",2020-04-27,5261,405,763,23,23.9,79.92,5261,404,763,22,108
"Rio de Janeiro",330455,"RJ",2020-04-28,5554,456,293,51,23.6,77.38,5554,456,293,52,136
"Rio de Janeiro",330455,"RJ",2020-04-29,5689,496,135,40,23.81,78.71,5689,496,135,40,120
"Rio de Janeiro",330455,"RJ",2020-04-30,5903,535,214,39,25.8,61.21,5903,535,214,39,169
"Rio de Janeiro",330455,"RJ",2020-05-01,6189,574,286,39,24.58,69.92,6189,574,286,39,124
"Rio de Janeiro",330455,"RJ",2020-05-02,6448,603,259,29,23.49,82.5,6448,603,259,29,121
"Rio de Janeiro",330455,"RJ",2020-05-03,6750,631,302,28,21.72,76.21,6750,631,302,28,133
"Rio de Janeiro",330455,"RJ",2020-05-04,7283,670,533,39,22.02,72.42,7283,670,533,39,122
"Rio de Janeiro",330455,"RJ",2020-05-05,7832,713,549,43,23.03,72.33,7832,713,549,43,139
"Rio de Janeiro",330455,"RJ",2020-05-06,8577,764,745,51,24.49,78.75,8577,764,745,51,155
"Rio de Janeiro",330455,"RJ",2020-05-07,9051,919,474,155,20.34,85.88,9051,919,474,155,145
"Rio de Janeiro",330455,"RJ",2020-05-08,9672,1002,621,83,20.37,77.38,9672,1002,621,83,151
"Rio de Janeiro",330455,"RJ",2020-05-09,10479,1092,807,90,21.35,70.17,10479,1092,807,90,135
"Rio de Janeiro",330455,"RJ",2020-05-10,10520,1126,41,34,21.96,69.04,10520,1126,41,34,153
"Rio de Janeiro",330455,"RJ",2020-05-11,10619,1172,99,46,22.48,64.29,10619,1172,99,46,110
"Rio de Janeiro",330455,"RJ",2020-05-12,10816,1279,197,107,23.27,67.75,10816,1279,197,107,131
"Rio de Janeiro",330455,"RJ",2020-05-13,11026,1363,210,84,23.41,72.25,11026,1363,210,84,117
"Rio de Janeiro",330455,"RJ",2020-05-14,11264,1509,238,146,24,74.62,11264,1509,238,146,141
"Rio de Janeiro",330455,"RJ",2020-05-15,11715,1631,451,122,20.05,90.62,11715,1631,451,122,113
"Rio de Janeiro",330455,"RJ",2020-05-16,12295,1751,580,120,22.07,79.04,12295,1751,580,120,113
"Rio de Janeiro",330455,"RJ",2020-05-17,12921,1841,626,90,22.41,82.67,12921,1841,626,90,128
"Rio de Janeiro",330455,"RJ",2020-05-18,13443,1960,522,119,22.62,84.12,13443,1960,522,119,110
"Rio de Janeiro",330455,"RJ",2020-05-19,14531,2135,1088,175,22.95,81.75,14531,2135,1088,175,99
"Rio de Janeiro",330455,"RJ",2020-05-20,17066,2249,2535,114,22.68,76.62,17066,2249,2535,114,88
"Rio de Janeiro",330455,"RJ",2020-05-21,18743,2376,1677,127,23.03,72.46,18743,2376,1677,127,110
"Rio de Janeiro",330455,"RJ",2020-05-22,20161,2520,1418,144,24.82,64.42,20161,2520,1418,144,125
"Rio de Janeiro",330455,"RJ",2020-05-23,21043,2702,882,182,27.69,51.79,21043,2702,882,182,101
"Rio de Janeiro",330455,"RJ",2020-05-24,21775,2755,732,53,23.03,75.75,21775,2755,732,53,98
"Rio de Janeiro",330455,"RJ",2020-05-25,22466,2831,691,76,21.02,78.79,22466,2831,691,76,97
"Rio de Janeiro",330455,"RJ",2020-05-26,23290,2978,824,147,21.3,63.42,23290,2978,824,147,72
"Rio de Janeiro",330455,"RJ",2020-05-27,24750,3135,1460,157,20.53,64.04,24750,3135,1460,157,83
"Rio de Janeiro",330455,"RJ",2020-05-28,25974,3293,1224,158,20.86,66.71,25974,3293,1224,158,98
"Rio de Janeiro",330455,"RJ",2020-05-29,27311,3430,1337,137,20.97,73.33,27311,3430,1337,137,108
"Rio de Janeiro",330455,"RJ",2020-05-30,28481,3525,1170,95,20.88,77.96,28481,3525,1170,95,79
"Rio de Janeiro",330455,"RJ",2020-05-31,29157,3578,676,53,22.55,71.17,29157,3578,676,53,70
"Rio de Janeiro",330455,"RJ",2020-06-01,30014,3671,857,93,23.28,60.21,30014,3671,857,93,86
"Rio de Janeiro",330455,"RJ",2020-06-02,31204,3828,1190,157,22.35,70.58,31204,3828,1190,157,66
"Rio de Janeiro",330455,"RJ",2020-06-03,32951,4055,1747,227,22.2,80.29,32951,4055,1747,227,78
"Rio de Janeiro",330455,"RJ",2020-06-04,33695,4231,744,176,22.72,83.25,33695,4231,744,176,81
"Rio de Janeiro",330455,"RJ",2020-06-05,35043,4309,1348,78,22.59,85.58,35043,4309,1348,78,70
"Rio de Janeiro",330455,"RJ",2020-06-06,35703,4401,660,92,23.04,78.83,35703,4401,660,92,71
"Rio de Janeiro",330455,"RJ",2020-06-07,36115,4462,412,61,23.39,80.38,36115,4462,412,61,64
"Rio de Janeiro",330455,"RJ",2020-06-08,36893,4516,778,54,22.97,86.54,36893,4516,778,54,56
"Rio de Janeiro",330455,"RJ",2020-06-09,37903,4599,1010,83,23.04,84.5,37903,4599,1010,83,49
"Rio de Janeiro",330455,"RJ",2020-06-10,38960,4716,1057,117,24.32,81.5,38960,4716,1057,117,55
"Rio de Janeiro",330455,"RJ",2020-06-11,40017,4850,1057,134,24.11,84.46,40017,4850,1057,134,68
"Rio de Janeiro",330455,"RJ",2020-06-12,40504,4877,487,27,25.28,77.33,40504,4877,487,27,67
"Rio de Janeiro",330455,"RJ",2020-06-13,41411,4993,907,116,25.58,74.5,41411,4993,907,116,48
"Rio de Janeiro",330455,"RJ",2020-06-14,41768,5043,357,50,23.63,77.08,41768,5043,357,50,43
"Rio de Janeiro",330455,"RJ",2020-06-15,42385,5090,617,47,21.63,81,42385,5090,617,47,52
"Rio de Janeiro",330455,"RJ",2020-06-16,43874,5239,1489,149,21.56,77.83,43874,5239,1489,149,42
"Rio de Janeiro",330455,"RJ",2020-06-17,45978,5343,2104,104,21.89,71.08,45978,5343,2104,104,48
"Rio de Janeiro",330455,"RJ",2020-06-18,46255,5508,277,165,21.77,68.67,46255,5508,277,165,43
"Rio de Janeiro",330455,"RJ",2020-06-19,48753,5632,2498,124,23.73,61.29,48753,5632,2498,124,56
"Rio de Janeiro",330455,"RJ",2020-06-20,50129,5791,1376,159,24.07,66.54,50129,5791,1376,159,28
"Rio de Janeiro",330455,"RJ",2020-06-21,50430,5832,301,41,24.54,72.79,50430,5832,301,41,36
"Rio de Janeiro",330455,"RJ",2020-06-22,50922,5875,492,43,25.04,63.54,50922,5875,492,43,33
"Rio de Janeiro",330455,"RJ",2020-06-23,52325,6000,1403,125,23.3,72.83,52325,6000,1403,125,30
"Rio de Janeiro",330455,"RJ",2020-06-24,53307,6087,982,87,23.09,54,53307,6087,982,87,30
"Rio de Janeiro",330455,"RJ",2020-06-25,54169,6161,862,74,24.13,54.67,54169,6161,862,74,33
"Rio de Janeiro",330455,"RJ",2020-06-26,55152,6264,983,103,24.25,68.67,55152,6264,983,103,0
"Rio de Janeiro",330455,"RJ",2020-06-27,55286,6366,134,102,22.16,81.78,55286,6366,134,102,0
"Rio de Janeiro",330455,"RJ",2020-06-28,56060,6393,774,27,20.54,79.25,56060,6393,774,27,0
"Rio de Janeiro",330455,"RJ",2020-06-29,56351,6417,291,24,20.14,82.25,56351,6417,291,24,0
"Rio de Janeiro",330455,"RJ",2020-06-30,56936,6550,585,133,21.92,71.17,56936,6550,585,133,0
"Rio de Janeiro",330455,"RJ",2020-07-01,57879,6618,943,68,25.53,54,57879,6618,943,68,0
"Rio de Janeiro",330455,"RJ",2020-07-02,58615,6689,736,71,21.02,65.83,58615,6689,736,71,0
"Rio de Janeiro",330455,"RJ",2020-07-03,59448,6791,833,102,20.06,75.58,59448,6791,833,102,0
"Rio de Janeiro",330455,"RJ",2020-07-04,60033,6869,585,78,20.01,77.38,60033,6869,585,78,0
"Rio de Janeiro",330455,"RJ",2020-07-05,60233,6898,200,29,21.75,75.25,60233,6898,200,29,0
"So Paulo",355030,"SP",2020-02-25,1,0,1,0,22.52,86.29,0,0,0,0,0
"So Paulo",355030,"SP",2020-02-26,1,0,0,0,22.05,93.29,0,0,0,0,0
"So Paulo",355030,"SP",2020-02-27,1,0,0,0,17.55,91.79,0,0,0,0,0
"So Paulo",355030,"SP",2020-02-28,2,0,1,0,17.55,89.54,0,0,0,0,0
"So Paulo",355030,"SP",2020-02-29,2,0,0,0,19.5,92.92,0,0,0,0,0
"So Paulo",355030,"SP",2020-03-01,2,0,0,0,18.08,93.12,0,0,0,0,0
"So Paulo",355030,"SP",2020-03-02,2,0,0,0,18.76,92.67,0,0,0,0,0
"So Paulo",355030,"SP",2020-03-03,2,0,0,0,18,92.92,0,0,0,0,0
"So Paulo",355030,"SP",2020-03-04,3,0,1,0,18.57,85.5,0,0,0,0,0
"So Paulo",355030,"SP",2020-03-05,6,0,3,0,18.44,85,0,0,0,0,0
"So Paulo",355030,"SP",2020-03-06,6,0,0,0,18.62,81.67,0,0,0,0,0
"So Paulo",355030,"SP",2020-03-07,12,0,6,0,19.26,80.58,0,0,0,0,0
"So Paulo",355030,"SP",2020-03-08,15,0,3,0,18.94,86.29,0,0,0,0,0
"So Paulo",355030,"SP",2020-03-09,15,0,0,0,20.82,83.21,0,0,0,0,0
"So Paulo",355030,"SP",2020-03-10,18,0,3,0,21.47,82.21,0,0,0,0,0
"So Paulo",355030,"SP",2020-03-11,29,0,11,0,20.96,82.79,0,0,0,0,0
"So Paulo",355030,"SP",2020-03-12,44,0,15,0,20.94,83.17,0,0,0,0,0
"So Paulo",355030,"SP",2020-03-13,44,0,0,0,20.88,84.5,0,0,0,0,0
"So Paulo",355030,"SP",2020-03-14,62,0,18,0,22.1,82.5,0,0,0,0,0
"So Paulo",355030,"SP",2020-03-15,62,0,0,0,24.32,75,0,0,0,0,0
"So Paulo",355030,"SP",2020-03-16,145,0,83,0,24.39,72.12,0,0,0,0,5
"So Paulo",355030,"SP",2020-03-17,156,1,11,1,22.25,84.38,0,0,0,0,2
"So Paulo",355030,"SP",2020-03-18,214,3,58,2,22.28,85.04,0,0,0,0,4
"So Paulo",355030,"SP",2020-03-19,259,5,45,2,24.41,81.54,0,0,0,0,6
"So Paulo",355030,"SP",2020-03-20,306,9,47,4,21.88,88.17,0,0,0,0,8
"So Paulo",355030,"SP",2020-03-21,306,9,0,0,19.63,88.46,0,0,0,0,9
"So Paulo",355030,"SP",2020-03-22,306,9,0,0,19.51,82.38,0,0,0,0,17
"So Paulo",355030,"SP",2020-03-23,306,9,0,0,19.06,78.54,0,0,0,0,20
"So Paulo",355030,"SP",2020-03-24,306,9,0,0,19.07,79.08,0,0,0,0,25
"So Paulo",355030,"SP",2020-03-25,722,44,416,35,18.68,80.25,0,0,0,0,17
"So Paulo",355030,"SP",2020-03-26,899,53,177,9,18.62,80.5,0,0,0,0,33
"So Paulo",355030,"SP",2020-03-27,1044,62,145,9,19.36,80.5,0,0,0,0,27
"So Paulo",355030,"SP",2020-03-28,1044,62,0,0,20.8,81.75,1149,76,1149,76,38
"So Paulo",355030,"SP",2020-03-29,1044,62,0,0,21.5,86.5,1183,89,34,13,39
"So Paulo",355030,"SP",2020-03-30,1233,103,189,41,21.42,86.38,1233,103,50,14,45
"So Paulo",355030,"SP",2020-03-31,1885,121,652,18,20.67,86.25,1885,121,652,18,33
"So Paulo",355030,"SP",2020-04-01,2418,144,533,23,20.5,85.92,2418,144,533,23,48
"So Paulo",355030,"SP",2020-04-02,2815,164,397,20,23.77,74.83,2815,164,397,20,45
"So Paulo",355030,"SP",2020-04-03,3202,186,387,22,22.78,72.5,3202,186,387,22,51
"So Paulo",355030,"SP",2020-04-04,3496,212,294,26,18.4,80.62,3496,212,294,26,67
"So Paulo",355030,"SP",2020-04-05,3612,220,116,8,18.88,81.54,3612,220,116,8,66
"So Paulo",355030,"SP",2020-04-06,3754,244,142,24,22.15,72.04,3754,244,142,24,62
"So Paulo",355030,"SP",2020-04-07,4258,296,504,52,20.05,87.04,4258,296,504,52,65
"So Paulo",355030,"SP",2020-04-08,4947,339,689,43,17.3,91.33,4946,339,688,43,56
"So Paulo",355030,"SP",2020-04-09,5477,384,530,45,16.75,79.29,5477,384,531,45,39
"So Paulo",355030,"SP",2020-04-10,5982,409,505,25,16.8,79.58,5982,409,505,25,57
"So Paulo",355030,"SP",2020-04-11,6131,422,149,13,17.17,81.79,6131,422,149,13,58
"So Paulo",355030,"SP",2020-04-12,6352,445,221,23,17.85,79.54,6352,445,221,23,56
"So Paulo",355030,"SP",2020-04-13,6418,456,66,11,17.63,82.71,6418,456,66,11,64
"So Paulo",355030,"SP",2020-04-14,6705,512,287,56,19.25,79.92,6705,512,287,56,48
"So Paulo",355030,"SP",2020-04-15,7764,558,1059,46,20.21,74.04,7764,558,1059,46,56
"So Paulo",355030,"SP",2020-04-16,7908,603,144,45,18.43,83.25,7908,603,144,45,49
"So Paulo",355030,"SP",2020-04-17,8744,643,836,40,16.95,84.75,8744,643,836,40,60
"So Paulo",355030,"SP",2020-04-18,9428,686,684,43,17.32,84.92,9428,686,684,43,50
"So Paulo",355030,"SP",2020-04-19,9668,700,240,14,18.03,82.58,9668,700,240,14,46
"So Paulo",355030,"SP",2020-04-20,9815,715,147,15,18.1,82.67,9815,715,147,15,65
"So Paulo",355030,"SP",2020-04-21,10342,753,527,38,18.32,81.5,10342,753,527,38,62
"So Paulo",355030,"SP",2020-04-22,10691,778,349,25,17.6,85.42,10691,778,349,25,63
"So Paulo",355030,"SP",2020-04-23,11225,912,534,134,18.12,84.88,11225,912,534,134,78
"So Paulo",355030,"SP",2020-04-24,11800,1010,575,98,19.4,83.83,11800,1010,575,98,68
"So Paulo",355030,"SP",2020-04-25,13098,1099,1298,89,20.33,77.88,13098,1099,1298,89,57
"So Paulo",355030,"SP",2020-04-26,13513,1114,415,15,20.26,76.42,13513,1114,415,15,83
"So Paulo",355030,"SP",2020-04-27,13989,1172,476,58,18.48,82.42,13989,1172,476,58,73
"So Paulo",355030,"SP",2020-04-28,15397,1321,1408,149,19.59,77.75,15397,1321,1408,149,79
"So Paulo",355030,"SP",2020-04-29,16638,1439,1241,118,19.95,74.38,16638,1439,1241,118,102
"So Paulo",355030,"SP",2020-04-30,18149,1522,1511,83,20.6,71.67,18149,1522,1511,83,101
"So Paulo",355030,"SP",2020-05-01,19087,1607,938,85,20.08,83.75,19087,1607,938,85,95
"So Paulo",355030,"SP",2020-05-02,19494,1661,407,54,19.52,87.88,19494,1661,407,54,83
"So Paulo",355030,"SP",2020-05-03,19822,1673,328,12,16.55,78.58,19822,1673,328,12,92
"So Paulo",355030,"SP",2020-05-04,20073,1683,251,10,16.33,80.25,20073,1683,251,10,87
"So Paulo",355030,"SP",2020-05-05,21140,1801,1067,118,19.15,67.12,21140,1801,1067,118,97
"So Paulo",355030,"SP",2020-05-06,23187,1910,2047,109,19.44,64.96,23187,1910,2047,109,79
"So Paulo",355030,"SP",2020-05-07,24273,1986,1086,76,13.71,89.25,24273,1986,1086,76,110
"So Paulo",355030,"SP",2020-05-08,25367,2110,1094,124,14.28,86.62,25366,2110,1093,124,102
"So Paulo",355030,"SP",2020-05-09,26787,2223,1420,113,16.11,77.58,26787,2223,1421,113,104
"So Paulo",355030,"SP",2020-05-10,27307,2266,520,43,17.1,75.92,27307,2266,520,43,106
"So Paulo",355030,"SP",2020-05-11,27771,2281,464,15,18.38,66.5,27771,2283,464,17,93
"So Paulo",355030,"SP",2020-05-12,28682,2405,911,124,18.52,68.25,28682,2407,911,124,90
"So Paulo",355030,"SP",2020-05-13,30402,2494,1720,89,18.69,69.96,30402,2496,1720,89,107
"So Paulo",355030,"SP",2020-05-14,31873,2596,1471,102,17.52,86.33,31873,2596,1471,100,96
"So Paulo",355030,"SP",2020-05-15,33992,2674,2119,78,14.96,92.25,33992,2674,2119,78,108
"So Paulo",355030,"SP",2020-05-16,35429,2792,1437,118,17.01,79.79,35429,2792,1437,118,116
"So Paulo",355030,"SP",2020-05-17,35931,2835,502,43,16.59,79.83,35931,2835,502,43,113
"So Paulo",355030,"SP",2020-05-18,36188,2856,257,21,15.55,86.96,36188,2856,257,21,117
"So Paulo",355030,"SP",2020-05-19,37640,3029,1452,173,17.74,83.67,37640,3029,1452,173,113
"So Paulo",355030,"SP",2020-05-20,39466,3135,1826,106,18.61,82.04,39466,3135,1826,106,108
"So Paulo",355030,"SP",2020-05-21,41451,3238,1985,103,19.3,75.92,41451,3238,1985,103,125
"So Paulo",355030,"SP",2020-05-22,42973,3352,1522,114,20.15,70.42,42973,3352,1522,114,125
"So Paulo",355030,"SP",2020-05-23,44887,3491,1914,139,19.91,76.75,44887,3491,1914,139,103
"So Paulo",355030,"SP",2020-05-24,45527,3534,640,43,13.91,72,45527,3534,640,43,101
"So Paulo",355030,"SP",2020-05-25,46204,3555,677,21,13.82,67.71,46204,3555,677,21,102
"So Paulo",355030,"SP",2020-05-26,47554,3691,1350,136,14.21,60.96,47554,3691,1350,136,95
"So Paulo",355030,"SP",2020-05-27,49264,3826,1710,135,13.24,69.83,49264,3826,1710,135,131
"So Paulo",355030,"SP",2020-05-28,52719,3958,3455,132,13.27,82.67,52719,3958,3455,132,109
"So Paulo",355030,"SP",2020-05-29,55741,4116,3022,158,15.45,78.75,55741,4116,3022,158,131
"So Paulo",355030,"SP",2020-05-30,58619,4239,2878,123,16.99,71.33,58619,4239,2878,123,107
"So Paulo",355030,"SP",2020-05-31,60131,4280,1512,41,17.27,60.33,60131,4280,1512,41,104
"So Paulo",355030,"SP",2020-06-01,61126,4304,995,24,17.73,61.42,61126,4304,995,24,135
"So Paulo",355030,"SP",2020-06-02,64443,4443,3317,139,15.82,93.17,64443,4443,3317,139,133
"So Paulo",355030,"SP",2020-06-03,66777,4564,2334,121,16.28,92.46,66777,4564,2334,121,121
"So Paulo",355030,"SP",2020-06-04,69347,4675,2570,111,17.23,93.12,69347,4674,2570,110,108
"So Paulo",355030,"SP",2020-06-05,71453,4805,2106,130,18.71,89.96,71453,4805,2106,131,109
"So Paulo",355030,"SP",2020-06-06,73861,4901,2408,96,20.12,79,73861,4901,2408,96,112
"So Paulo",355030,"SP",2020-06-07,74796,4920,935,19,20.25,78.58,74796,4920,935,19,119
"So Paulo",355030,"SP",2020-06-08,75699,4937,903,17,19.84,79.83,75699,4937,903,17,117
"So Paulo",355030,"SP",2020-06-09,78026,5073,2327,136,20.39,85.04,78026,5073,2327,136,141
"So Paulo",355030,"SP",2020-06-10,80457,5232,2431,159,20.62,81.26,80457,5232,2431,159,119
"So Paulo",355030,"SP",2020-06-11,83076,5357,2619,125,22.35,67.08,83076,5357,2619,125,129
"So Paulo",355030,"SP",2020-06-12,85622,5480,2546,123,21.78,68.21,85622,5480,2546,123,120
"So Paulo",355030,"SP",2020-06-13,88025,5599,2403,119,21.39,70.38,88025,5599,2403,119,116
"So Paulo",355030,"SP",2020-06-14,91198,5623,3173,24,16.17,93.5,91198,5623,3173,24,111
"So Paulo",355030,"SP",2020-06-15,93448,5652,2250,29,15.72,93.17,93448,5652,2250,29,104
"So Paulo",355030,"SP",2020-06-16,97676,5819,4228,167,17.32,84.42,97676,5819,4228,167,99
"So Paulo",355030,"SP",2020-06-17,98132,5959,456,140,18.29,78.83,98132,5959,456,140,119
"So Paulo",355030,"SP",2020-06-18,98530,6097,398,138,18.4,69.29,98530,6097,398,138,103
"So Paulo",355030,"SP",2020-06-19,105407,6255,6877,158,19.31,66.12,105407,6255,6877,158,100
"So Paulo",355030,"SP",2020-06-20,105591,6371,184,116,19.69,68.12,105591,6371,184,116,88
"So Paulo",355030,"SP",2020-06-21,106540,6387,949,16,20.28,71.42,106540,6387,949,16,101
"So Paulo",355030,"SP",2020-06-22,107731,6404,1191,17,19.86,65.29,107731,6404,1191,17,109
"So Paulo",355030,"SP",2020-06-23,110214,6583,2483,179,18.96,65.29,110214,6583,2483,179,93
"So Paulo",355030,"SP",2020-06-24,113261,6675,3047,92,18.8,58,113261,6675,3047,92,89
"So Paulo",355030,"SP",2020-06-25,117311,6794,4050,119,20.21,63.92,117311,6794,4050,119,81
"So Paulo",355030,"SP",2020-06-26,121163,6880,3852,86,17.23,88.67,121163,6880,3852,86,0
"So Paulo",355030,"SP",2020-06-27,122759,6982,1596,102,14.32,95.21,122759,6982,1596,102,0
"So Paulo",355030,"SP",2020-06-28,124105,7003,1346,21,13.33,94.08,124105,7003,1346,21,0
"So Paulo",355030,"SP",2020-06-29,125012,7026,907,23,15.07,87.88,125012,7026,907,23,0
"So Paulo",355030,"SP",2020-06-30,127119,7162,2107,136,18.06,75.08,127119,7162,2107,136,0
"So Paulo",355030,"SP",2020-07-01,129328,7258,2209,96,18.02,66.62,129328,7258,2209,96,0
"So Paulo",355030,"SP",2020-07-02,134984,7370,5656,112,12.76,81.17,134984,7370,5656,112,0
"So Paulo",355030,"SP",2020-07-03,137074,7479,2090,109,12.53,85.62,137074,7479,2090,109,0
"So Paulo",355030,"SP",2020-07-04,137762,7597,688,118,15.68,75.08,137762,7597,688,118,0
"So Paulo",355030,"SP",2020-07-05,139871,7621,2109,24,18.03,77.83,139871,7621,2109,24,0
"Curitiba",410690,"PR",2020-03-12,5,0,5,0,21.26,66.37,0,0,0,0,0
"Curitiba",410690,"PR",2020-03-13,5,0,0,0,22.17,53.47,0,0,0,0,0
"Curitiba",410690,"PR",2020-03-14,5,0,0,0,21.82,65.14,0,0,0,0,0
"Curitiba",410690,"PR",2020-03-15,5,0,0,0,23.95,56.25,0,0,0,0,0
"Curitiba",410690,"PR",2020-03-16,5,0,0,0,23.89,67.33,0,0,0,0,0
"Curitiba",410690,"PR",2020-03-17,7,0,2,0,21.73,69.55,0,0,0,0,0
"Curitiba",410690,"PR",2020-03-18,8,0,1,0,22.18,73.35,0,0,0,0,0
"Curitiba",410690,"PR",2020-03-19,17,0,9,0,22.88,62.94,0,0,0,0,0
"Curitiba",410690,"PR",2020-03-20,27,0,10,0,22.24,71.76,0,0,0,0,0
"Curitiba",410690,"PR",2020-03-21,31,0,4,0,19.33,79.46,0,0,0,0,0
"Curitiba",410690,"PR",2020-03-22,31,0,0,0,19.52,69.29,0,0,0,0,1
"Curitiba",410690,"PR",2020-03-23,34,0,3,0,18.47,69.6,0,0,0,0,0
"Curitiba",410690,"PR",2020-03-24,40,0,6,0,18.26,67.12,0,0,0,0,0
"Curitiba",410690,"PR",2020-03-25,60,0,20,0,18.57,69.86,0,0,0,0,0
"Curitiba",410690,"PR",2020-03-26,66,0,6,0,18.62,65.74,0,0,0,0,0
"Curitiba",410690,"PR",2020-03-27,71,0,5,0,18.64,69.89,0,0,0,0,0
"Curitiba",410690,"PR",2020-03-28,74,0,3,0,20.11,71.6,74,0,74,0,0
"Curitiba",410690,"PR",2020-03-29,73,0,-1,0,20.09,76.06,74,0,0,0,0
"Curitiba",410690,"PR",2020-03-30,77,0,4,0,21.25,66.21,77,0,3,0,0
"Curitiba",410690,"PR",2020-03-31,87,0,10,0,22,59.36,87,0,10,0,1
"Curitiba",410690,"PR",2020-04-01,97,0,10,0,21.7,71.11,98,0,11,0,0
"Curitiba",410690,"PR",2020-04-02,99,0,2,0,23.01,65.47,100,0,2,0,0
"Curitiba",410690,"PR",2020-04-03,114,0,15,0,20.04,53.62,114,0,14,0,1
"Curitiba",410690,"PR",2020-04-04,153,0,39,0,16.77,59.92,152,0,38,0,0
"Curitiba",410690,"PR",2020-04-05,172,0,19,0,18.15,64.06,172,0,20,0,1
"Curitiba",410690,"PR",2020-04-06,175,3,3,3,20.71,59.33,175,1,3,1,4
"Curitiba",410690,"PR",2020-04-07,194,3,19,0,18.51,72.1,195,3,20,2,4
"Curitiba",410690,"PR",2020-04-08,205,3,11,0,17.74,69.67,205,3,10,0,3
"Curitiba",410690,"PR",2020-04-09,237,5,32,2,16.66,72.19,237,5,32,2,1
"Curitiba",410690,"PR",2020-04-10,251,5,14,0,16.54,71.25,251,5,14,0,0
"Curitiba",410690,"PR",2020-04-11,279,5,28,0,15.86,77.79,279,5,28,0,1
"Curitiba",410690,"PR",2020-04-12,302,6,23,1,17.06,73.55,302,6,23,1,1
"Curitiba",410690,"PR",2020-04-13,299,6,-3,0,17.75,69.43,299,6,-3,0,1
"Curitiba",410690,"PR",2020-04-14,302,7,3,1,17.32,70.54,302,7,3,1,0
"Curitiba",410690,"PR",2020-04-15,306,8,4,1,15.05,54.17,305,7,3,0,2
"Curitiba",410690,"PR",2020-04-16,320,8,14,0,15.72,47.9,320,8,15,1,1
"Curitiba",410690,"PR",2020-04-17,335,8,15,0,15.22,61.12,335,8,15,0,0
"Curitiba",410690,"PR",2020-04-18,346,9,11,1,14.4,77.82,346,8,11,0,2
"Curitiba",410690,"PR",2020-04-19,360,9,14,0,15.84,74.75,360,9,14,1,2
"Curitiba",410690,"PR",2020-04-20,369,9,9,0,17.12,67.07,369,9,9,0,4
"Curitiba",410690,"PR",2020-04-21,373,11,4,2,17.81,59.71,372,9,3,0,1
"Curitiba",410690,"PR",2020-04-22,380,14,7,3,17.55,56.29,380,14,8,5,2
"Curitiba",410690,"PR",2020-04-23,389,14,9,0,16.36,55.67,389,14,9,0,0
"Curitiba",410690,"PR",2020-04-24,397,14,8,0,17.36,68.19,397,14,8,0,3
"Curitiba",410690,"PR",2020-04-25,401,14,4,0,20.63,60.62,401,14,4,0,3
"Curitiba",410690,"PR",2020-04-26,404,16,3,2,20.5,43.33,404,15,3,1,2
"Curitiba",410690,"PR",2020-04-27,414,16,10,0,17.92,73.06,414,16,10,1,3
"Curitiba",410690,"PR",2020-04-28,426,17,12,1,19.02,70.83,426,17,12,1,3
"Curitiba",410690,"PR",2020-04-29,434,17,8,0,20,47.38,434,17,8,0,6
"Curitiba",410690,"PR",2020-04-30,444,20,10,3,21.08,58.71,444,17,10,0,0
"Curitiba",410690,"PR",2020-05-01,453,23,9,3,20.5,63.78,453,23,9,6,1
"Curitiba",410690,"PR",2020-05-02,467,23,14,0,18.49,60.36,467,23,14,0,2
"Curitiba",410690,"PR",2020-05-03,470,23,3,0,14.91,67.94,470,23,3,0,2
"Curitiba",410690,"PR",2020-05-04,485,23,15,0,15.41,54.08,485,23,15,0,3
"Curitiba",410690,"PR",2020-05-05,491,26,6,3,16.4,63.33,491,26,6,3,0
"Curitiba",410690,"PR",2020-05-06,500,26,9,0,14.86,81.71,500,26,9,0,2
"Curitiba",410690,"PR",2020-05-07,506,27,6,1,12.58,64.12,506,27,6,1,1
"Curitiba",410690,"PR",2020-05-08,514,28,8,1,13.75,63.27,514,28,8,1,0
"Curitiba",410690,"PR",2020-05-09,541,29,27,1,14.69,60.42,541,29,27,1,1
"Curitiba",410690,"PR",2020-05-10,553,29,12,0,16.68,50.69,553,29,12,0,2
"Curitiba",410690,"PR",2020-05-11,554,29,1,0,18.05,53.22,554,29,1,0,3
"Curitiba",410690,"PR",2020-05-12,557,29,3,0,18.19,61.74,557,29,3,0,2
"Curitiba",410690,"PR",2020-05-13,571,30,14,1,17.59,70.67,571,30,14,1,2
"Curitiba",410690,"PR",2020-05-14,582,31,11,1,15,80.67,582,31,11,1,1
"Curitiba",410690,"PR",2020-05-15,607,32,25,1,13,81.3,607,32,25,1,3
"Curitiba",410690,"PR",2020-05-16,629,33,22,1,14.54,57.33,629,33,22,1,0
"Curitiba",410690,"PR",2020-05-17,639,33,10,0,16.96,55.56,639,33,10,0,1
"Curitiba",410690,"PR",2020-05-18,642,34,3,1,16.33,55,642,34,3,1,0
"Curitiba",410690,"PR",2020-05-19,648,34,6,0,16.13,68.16,648,34,6,0,1
"Curitiba",410690,"PR",2020-05-20,677,34,29,0,17.1,69.27,677,34,29,0,2
"Curitiba",410690,"PR",2020-05-21,711,35,34,1,18.57,57.85,711,35,34,1,3
"Curitiba",410690,"PR",2020-05-22,728,35,17,0,17.5,69.12,728,35,17,0,2
"Curitiba",410690,"PR",2020-05-23,751,36,23,1,15.76,66.36,751,36,23,1,2
"Curitiba",410690,"PR",2020-05-24,778,36,27,0,12.98,70,778,36,27,0,3
"Curitiba",410690,"PR",2020-05-25,790,36,12,0,12.62,64.92,790,36,12,0,3
"Curitiba",410690,"PR",2020-05-26,816,37,26,1,12.85,54.65,816,37,26,1,2
"Curitiba",410690,"PR",2020-05-27,852,37,36,0,14.82,51.89,852,37,36,0,4
"Curitiba",410690,"PR",2020-05-28,904,39,52,2,16.5,47.71,904,39,52,2,5
"Curitiba",410690,"PR",2020-05-29,921,42,17,3,16.44,50.43,921,42,17,3,2
"Curitiba",410690,"PR",2020-05-30,945,47,24,5,17,49.2,945,47,24,5,4
"Curitiba",410690,"PR",2020-05-31,984,47,39,0,17.36,51.47,984,47,39,0,4
"Curitiba",410690,"PR",2020-06-01,1005,49,21,2,17.82,64.75,1005,49,21,2,2
"Curitiba",410690,"PR",2020-06-02,1028,51,23,2,13.13,74.875,1028,51,23,2,3
"Curitiba",410690,"PR",2020-06-03,1099,53,71,2,13.11,85,1099,53,71,2,5
"Curitiba",410690,"PR",2020-06-04,1143,53,44,0,13.43,86,1143,53,44,0,2
"Curitiba",410690,"PR",2020-06-05,1230,55,87,2,15.73,78.57,1231,55,88,2,6
"Curitiba",410690,"PR",2020-06-06,1264,54,34,-1,16.81,65.2,1265,54,34,-1,5
"Curitiba",410690,"PR",2020-06-07,1312,57,48,3,14.06,63.29,1312,57,47,3,2
"Curitiba",410690,"PR",2020-06-08,1322,58,10,1,15.73,68.38,1322,58,10,1,4
"Curitiba",410690,"PR",2020-06-09,1357,62,35,4,17.18,100,1357,62,35,4,5
"Curitiba",410690,"PR",2020-06-10,1420,67,63,5,17.57,86.075,1420,67,63,5,8
"Curitiba",410690,"PR",2020-06-11,1541,67,121,0,20.77,72.15,1541,67,121,0,5
"Curitiba",410690,"PR",2020-06-12,1579,75,38,8,20.09,58.88,1579,75,38,8,2
"Curitiba",410690,"PR",2020-06-13,1676,76,97,1,20.6,61.54,1676,76,97,1,10
"Curitiba",410690,"PR",2020-06-14,1736,78,60,2,13.48,82.09,1736,78,60,2,3
"Curitiba",410690,"PR",2020-06-15,1770,79,34,1,13.2,80.08,1770,79,34,1,3
"Curitiba",410690,"PR",2020-06-16,1898,83,128,4,15.64,73.1,1898,83,128,4,3
"Curitiba",410690,"PR",2020-06-17,1945,90,47,7,16.23,68.4,1945,90,47,7,10
"Curitiba",410690,"PR",2020-06-18,2060,95,115,5,16.85,65.38,2060,95,115,5,4
"Curitiba",410690,"PR",2020-06-19,2253,98,193,3,18.53,63.74,2253,98,193,3,4
"Curitiba",410690,"PR",2020-06-20,2375,99,122,1,18.62,65.1,2375,99,122,1,10
"Curitiba",410690,"PR",2020-06-21,2487,103,112,4,18.83,59.48,2487,103,112,4,7
"Curitiba",410690,"PR",2020-06-22,2666,110,179,7,18.93,59.86,2666,110,179,7,5
"Curitiba",410690,"PR",2020-06-23,2757,117,91,7,17.34,67.76,2757,117,91,7,5
"Curitiba",410690,"PR",2020-06-24,2968,120,211,3,17.17,56.88,2968,120,211,3,4
"Curitiba",410690,"PR",2020-06-25,3093,122,125,2,17.78,66.84,3093,122,125,2,4
"Curitiba",410690,"PR",2020-06-26,3208,128,115,6,13.98,86.09,3208,128,115,6,0
"Curitiba",410690,"PR",2020-06-27,3438,129,230,1,9.5,78.855,3438,129,230,1,0
"Curitiba",410690,"PR",2020-06-28,3696,134,258,5,11.38,71.62,3696,134,258,5,0
"Curitiba",410690,"PR",2020-06-29,3874,139,178,5,12.63,79.5,3874,139,178,5,0
"Curitiba",410690,"PR",2020-06-30,4115,145,241,6,15.47,69.46,4115,145,241,6,0
"Curitiba",410690,"PR",2020-07-01,4454,145,339,0,11.16,68,4454,145,339,0,0
"Curitiba",410690,"PR",2020-07-02,4828,160,374,15,10.52,63.87,4828,160,374,15,0
"Curitiba",410690,"PR",2020-07-03,4828,160,0,0,11.46,57.4,5154,164,326,4,0
"Curitiba",410690,"PR",2020-07-04,4828,160,0,0,13.65,55.93,5828,168,674,4,0
"Curitiba",410690,"PR",2020-07-05,4828,160,0,0,15.95,61.27,6084,179,256,11,0
"Goinia",520870,"GO",2020-03-12,2,0,2,0,25.88,68.75,0,0,0,0,0
"Goinia",520870,"GO",2020-03-13,2,0,0,0,24.8,73.5,0,0,0,0,0
"Goinia",520870,"GO",2020-03-14,3,0,1,0,25.65,68.96,0,0,0,0,0
"Goinia",520870,"GO",2020-03-15,3,0,0,0,25.58,67.42,0,0,0,0,0
"Goinia",520870,"GO",2020-03-16,5,0,2,0,24.81,67.79,0,0,0,0,0
"Goinia",520870,"GO",2020-03-17,5,0,0,0,25.58,65.08,0,0,0,0,0
"Goinia",520870,"GO",2020-03-18,5,0,0,0,26.23,65.71,0,0,0,0,0
"Goinia",520870,"GO",2020-03-19,7,0,2,0,25.85,70.25,0,0,0,0,0
"Goinia",520870,"GO",2020-03-20,9,0,2,0,23.43,82.58,0,0,0,0,0
"Goinia",520870,"GO",2020-03-21,9,0,0,0,24.44,76.29,0,0,0,0,0
"Goinia",520870,"GO",2020-03-22,11,0,2,0,23.09,82.38,0,0,0,0,0
"Goinia",520870,"GO",2020-03-23,12,0,1,0,24.35,77.21,0,0,0,0,0
"Goinia",520870,"GO",2020-03-24,15,0,3,0,24.71,74.71,0,0,0,0,0
"Goinia",520870,"GO",2020-03-25,15,0,0,0,23.14,80.08,0,0,0,0,0
"Goinia",520870,"GO",2020-03-26,21,0,6,0,23.81,75.12,0,0,0,0,0
"Goinia",520870,"GO",2020-03-27,26,0,5,0,23.94,75.83,0,0,0,0,2
"Goinia",520870,"GO",2020-03-28,33,0,7,0,23.74,81.21,33,0,33,0,1
"Goinia",520870,"GO",2020-03-29,33,0,0,0,25.18,73.79,35,0,2,0,0
"Goinia",520870,"GO",2020-03-30,35,0,2,0,25.8,64.67,35,0,0,0,1
"Goinia",520870,"GO",2020-03-31,39,0,4,0,25.79,61.54,39,0,4,0,1
"Goinia",520870,"GO",2020-04-01,42,0,3,0,25.42,63.46,42,0,3,0,0
"Goinia",520870,"GO",2020-04-02,43,0,1,0,26.17,65.88,42,0,0,0,0
"Goinia",520870,"GO",2020-04-03,50,1,7,1,25.96,70.83,50,1,8,1,1
"Goinia",520870,"GO",2020-04-04,65,1,15,0,25.92,71.67,65,1,15,0,2
"Goinia",520870,"GO",2020-04-05,73,2,8,1,26.44,70.38,73,2,8,1,7
"Goinia",520870,"GO",2020-04-06,73,4,0,2,25.72,73.96,73,4,0,2,3
"Goinia",520870,"GO",2020-04-07,76,4,3,0,23.82,81.67,76,4,3,0,2
"Goinia",520870,"GO",2020-04-08,85,4,9,0,25.16,77.17,85,4,9,0,2
"Goinia",520870,"GO",2020-04-09,102,4,17,0,25.25,69.88,102,4,17,0,0
"Goinia",520870,"GO",2020-04-10,109,5,7,1,24.54,64.58,109,5,7,1,2
"Goinia",520870,"GO",2020-04-11,114,5,5,0,24.52,61.96,114,5,5,0,2
"Goinia",520870,"GO",2020-04-12,126,7,12,2,24.21,73.08,126,7,12,2,1
"Goinia",520870,"GO",2020-04-13,130,7,4,0,24.85,74.46,130,7,4,0,0
"Goinia",520870,"GO",2020-04-14,160,7,30,0,22.06,77.88,160,7,30,0,2
"Goinia",520870,"GO",2020-04-15,176,7,16,0,20.53,83.5,176,7,16,0,0
"Goinia",520870,"GO",2020-04-16,182,8,6,1,22.52,81.79,182,8,6,1,0
"Goinia",520870,"GO",2020-04-17,188,8,6,0,23.04,80.92,188,8,6,0,0
"Goinia",520870,"GO",2020-04-18,226,10,38,2,22.34,88.46,226,10,38,2,2
"Goinia",520870,"GO",2020-04-19,231,10,5,0,22.58,84.74,231,10,5,0,1
"Goinia",520870,"GO",2020-04-20,230,10,-1,0,22.26,84.2,230,10,-1,0,2
"Goinia",520870,"GO",2020-04-21,240,10,10,0,22.93,82.83,240,10,10,0,3
"Goinia",520870,"GO",2020-04-22,255,10,15,0,23.03,80.27,255,10,15,0,1
"Goinia",520870,"GO",2020-04-23,257,11,2,1,23.89,73.65,257,11,2,1,0
"Goinia",520870,"GO",2020-04-24,267,11,10,0,25.84,68.94,267,11,10,0,4
"Goinia",520870,"GO",2020-04-25,273,11,6,0,26.12,57.12,273,11,6,0,1
"Goinia",520870,"GO",2020-04-26,333,11,60,0,22.52,64.75,333,11,60,0,2
"Goinia",520870,"GO",2020-04-27,364,12,31,1,22.71,65.21,364,12,31,1,1
"Goinia",520870,"GO",2020-04-28,392,12,28,0,22.41,64.12,392,12,28,0,2
"Goinia",520870,"GO",2020-04-29,404,12,12,0,22.44,63.75,404,12,12,0,2
"Goinia",520870,"GO",2020-04-30,453,12,49,0,22.02,66.08,453,12,49,0,2
"Goinia",520870,"GO",2020-05-01,457,12,4,0,21.64,67.12,457,12,4,0,2
"Goinia",520870,"GO",2020-05-02,467,12,10,0,21.73,67.08,467,12,10,0,1
"Goinia",520870,"GO",2020-05-03,487,12,20,0,21.7,63.38,487,12,20,0,1
"Goinia",520870,"GO",2020-05-04,496,12,9,0,21.14,63.42,496,12,9,0,0
"Goinia",520870,"GO",2020-05-05,545,14,49,2,21.58,66.92,545,14,49,2,0
"Goinia",520870,"GO",2020-05-06,545,14,0,0,22.13,73.58,544,21,-1,7,3
"Goinia",520870,"GO",2020-05-07,547,21,2,7,20.98,80.5,547,21,3,0,3
"Goinia",520870,"GO",2020-05-08,550,23,3,2,21.56,73.75,550,23,3,2,4
"Goinia",520870,"GO",2020-05-09,550,23,0,0,21.57,69.38,560,22,10,-1,4
"Goinia",520870,"GO",2020-05-10,550,23,0,0,21.91,64.54,574,22,14,0,4
"Goinia",520870,"GO",2020-05-11,578,23,28,0,21.94,63.79,578,23,4,1,0
"Goinia",520870,"GO",2020-05-12,585,24,7,1,21.36,63.58,585,24,7,1,2
"Goinia",520870,"GO",2020-05-13,665,27,80,3,21.71,67.38,588,27,3,3,2
"Goinia",520870,"GO",2020-05-14,758,31,93,4,21.59,76.25,759,30,171,3,2
"Goinia",520870,"GO",2020-05-15,873,30,115,-1,22.8,73.75,856,30,97,0,1
"Goinia",520870,"GO",2020-05-16,890,30,17,0,23.27,74,888,30,32,0,1
"Goinia",520870,"GO",2020-05-17,921,30,31,0,22.09,73.08,921,30,33,0,2
"Goinia",520870,"GO",2020-05-18,935,30,14,0,21.9,70.62,945,30,24,0,2
"Goinia",520870,"GO",2020-05-19,964,30,29,0,21.92,66.46,968,30,23,0,9
"Goinia",520870,"GO",2020-05-20,1028,34,64,4,22.41,68.33,1021,34,53,4,3
"Goinia",520870,"GO",2020-05-21,1049,36,21,2,22.66,66.29,1039,36,18,2,1
"Goinia",520870,"GO",2020-05-22,1163,41,114,5,23.32,67.54,1143,40,104,4,2
"Goinia",520870,"GO",2020-05-23,1184,41,21,0,22.04,79.58,1168,41,25,1,3
"Goinia",520870,"GO",2020-05-24,1206,41,22,0,18.48,84.08,1184,41,16,0,3
"Goinia",520870,"GO",2020-05-25,1200,41,-6,0,18.75,78.96,1206,41,22,0,2
"Goinia",520870,"GO",2020-05-26,1307,44,107,3,17.88,67,1304,44,98,3,5
"Goinia",520870,"GO",2020-05-27,1393,44,86,0,16.08,63.62,1383,44,79,0,4
"Goinia",520870,"GO",2020-05-28,1473,49,80,5,18.06,62.88,1468,49,85,5,5
"Goinia",520870,"GO",2020-05-29,1556,49,83,0,19.34,59.29,1502,50,34,1,4
"Goinia",520870,"GO",2020-05-30,1581,52,25,3,19.25,59.96,1579,52,77,2,3
"Goinia",520870,"GO",2020-05-31,1661,52,80,0,18.75,63.75,1666,52,87,0,2
"Goinia",520870,"GO",2020-06-01,1730,53,69,1,18.88,64.21,1732,53,66,1,7
"Goinia",520870,"GO",2020-06-02,1809,65,79,12,19.62,66.83,1809,63,77,10,6
"Goinia",520870,"GO",2020-06-03,1847,67,38,2,20.45,67.79,1840,65,31,2,1
"Goinia",520870,"GO",2020-06-04,2028,71,181,4,23.03,66.62,1985,71,145,6,2
"Goinia",520870,"GO",2020-06-05,2291,72,263,1,23.46,65.83,2152,72,167,1,6
"Goinia",520870,"GO",2020-06-06,2329,75,38,3,24,63.83,2301,75,149,3,5
"Goinia",520870,"GO",2020-06-07,2345,75,16,0,23.21,65.21,2340,75,39,0,7
"Goinia",520870,"GO",2020-06-08,2428,75,83,0,22.83,62.17,2409,75,69,0,4
"Goinia",520870,"GO",2020-06-09,2616,81,188,6,22.58,62.67,2450,80,41,5,2
"Goinia",520870,"GO",2020-06-10,2775,82,159,1,21.92,60.46,2732,83,282,3,3
"Goinia",520870,"GO",2020-06-11,2818,82,43,0,21.09,61,2813,82,81,-1,3
"Goinia",520870,"GO",2020-06-12,2842,87,24,5,21.77,59.54,2823,83,10,1,4
"Goinia",520870,"GO",2020-06-13,2851,89,9,2,22.16,59.04,2850,87,27,4,7
"Goinia",520870,"GO",2020-06-14,2856,89,5,0,22.72,53.92,2851,89,1,2,5
"Goinia",520870,"GO",2020-06-15,3220,92,364,3,21.46,56.21,3188,89,337,0,7
"Goinia",520870,"GO",2020-06-16,3849,95,629,3,20.85,62.71,3613,94,425,5,5
"Goinia",520870,"GO",2020-06-17,4150,94,301,-1,20.82,64.92,4012,93,399,-1,6
"Goinia",520870,"GO",2020-06-18,4442,99,292,5,20.64,65.08,4387,99,375,6,4
"Goinia",520870,"GO",2020-06-19,4679,108,237,9,20.98,62.92,4615,103,228,4,8
"Goinia",520870,"GO",2020-06-20,4717,110,38,2,21.76,59.25,4694,110,79,7,8
"Goinia",520870,"GO",2020-06-21,4774,112,57,2,22.5,53.79,4726,112,32,2,7
"Goinia",520870,"GO",2020-06-22,5159,122,385,10,20.5,50.21,5130,116,404,4,15
"Goinia",520870,"GO",2020-06-23,5359,130,200,8,19.73,56.21,5281,124,151,8,8
"Goinia",520870,"GO",2020-06-24,5728,137,369,7,21.42,62.88,5560,130,279,6,10
"Goinia",520870,"GO",2020-06-25,5958,138,230,1,21.88,65.79,5770,138,210,8,20
"Goinia",520870,"GO",2020-06-26,6111,150,153,12,21.66,64.08,6054,144,284,6,0
"Goinia",520870,"GO",2020-06-27,6122,153,11,3,20.73,61.79,6126,152,72,8,0
"Goinia",520870,"GO",2020-06-28,6126,153,4,0,20.93,62.29,6126,153,0,1,0
"Goinia",520870,"GO",2020-06-29,6655,161,529,8,20.9,61.12,6539,153,413,0,0
"Goinia",520870,"GO",2020-06-30,6956,167,301,6,20.28,58.29,6931,162,392,9,0
"Goinia",520870,"GO",2020-07-01,7065,169,109,2,20.62,64.46,6998,167,67,5,0
"Goinia",520870,"GO",2020-07-02,7119,186,54,17,21.31,65.46,7093,178,95,11,0
"Goinia",520870,"GO",2020-07-03,7474,195,355,9,21.18,60.83,7122,191,29,13,0
"Goinia",520870,"GO",2020-07-04,7825,198,351,3,21.68,54.92,7826,198,704,7,0
"Goinia",520870,"GO",2020-07-05,7825,198,0,0,23.47,51.17,7825,198,-1,0,0
"Braslia",530010,"DF",2020-03-07,1,0,1,0,20.28,88.5,0,0,0,0,0
"Braslia",530010,"DF",2020-03-08,1,0,0,0,21.58,81.08,0,0,0,0,0
"Braslia",530010,"DF",2020-03-09,1,0,0,0,21.8,81.04,0,0,0,0,0
"Braslia",530010,"DF",2020-03-10,1,0,0,0,22.85,75,0,0,0,0,0
"Braslia",530010,"DF",2020-03-11,2,0,1,0,22.45,75.67,0,0,0,0,0
"Braslia",530010,"DF",2020-03-12,2,0,0,0,21.88,80.38,0,0,0,0,0
"Braslia",530010,"DF",2020-03-13,2,0,0,0,22.56,75.12,0,0,0,0,0
"Braslia",530010,"DF",2020-03-14,8,0,6,0,22.97,71.46,0,0,0,0,0
"Braslia",530010,"DF",2020-03-15,14,0,6,0,22.7,70.04,0,0,0,0,0
"Braslia",530010,"DF",2020-03-16,19,0,5,0,21.46,67.5,0,0,0,0,0
"Braslia",530010,"DF",2020-03-17,19,0,0,0,21.78,72.58,0,0,0,0,0
"Braslia",530010,"DF",2020-03-18,34,0,15,0,23.58,67.62,0,0,0,0,0
"Braslia",530010,"DF",2020-03-19,42,0,8,0,23.1,73.83,0,0,0,0,0
"Braslia",530010,"DF",2020-03-20,87,0,45,0,21.6,81.62,0,0,0,0,0
"Braslia",530010,"DF",2020-03-21,108,0,21,0,21.33,84,0,0,0,0,0
"Braslia",530010,"DF",2020-03-22,117,0,9,0,21.35,85.46,0,0,0,0,0
"Braslia",530010,"DF",2020-03-23,138,0,21,0,21.52,87.46,0,0,0,0,0
"Braslia",530010,"DF",2020-03-24,161,0,23,0,19.9,91.71,0,0,0,0,1
"Braslia",530010,"DF",2020-03-25,195,0,34,0,19.74,90.67,0,0,0,0,0
"Braslia",530010,"DF",2020-03-26,171,0,-24,0,19.5,92.17,0,0,0,0,2
"Braslia",530010,"DF",2020-03-27,211,0,40,0,20.58,87.21,0,0,0,0,2
"Braslia",530010,"DF",2020-03-28,225,0,14,0,20.75,85.12,260,0,260,0,0
"Braslia",530010,"DF",2020-03-29,270,1,45,1,22.08,77.96,289,1,29,1,2
"Braslia",530010,"DF",2020-03-30,285,2,15,1,22.84,69.62,312,1,23,0,2
"Braslia",530010,"DF",2020-03-31,305,3,20,1,22.92,66.67,332,3,20,2,4
"Braslia",530010,"DF",2020-04-01,329,4,24,1,23.57,64.46,355,3,23,0,1
"Braslia",530010,"DF",2020-04-02,373,5,44,1,24.19,64.88,370,4,15,1,3
"Braslia",530010,"DF",2020-04-03,382,6,9,1,24.06,68.96,402,5,32,1,2
"Braslia",530010,"DF",2020-04-04,418,7,36,1,23.79,71.58,454,7,52,2,4
"Braslia",530010,"DF",2020-04-05,428,7,10,0,23.38,76.75,468,7,14,0,3
"Braslia",530010,"DF",2020-04-06,442,10,14,3,22.85,81.75,473,10,5,3,0
"Braslia",530010,"DF",2020-04-07,466,12,24,2,21.85,84.88,492,12,19,2,0
"Braslia",530010,"DF",2020-04-08,472,12,6,0,21.34,86.79,509,12,17,0,1
"Braslia",530010,"DF",2020-04-09,486,13,14,1,21.52,83.04,527,13,18,1,1
"Braslia",530010,"DF",2020-04-10,518,14,32,1,22.76,72.54,555,14,28,1,0
"Braslia",530010,"DF",2020-04-11,545,14,27,0,22.32,74.08,579,14,24,0,2
"Braslia",530010,"DF",2020-04-12,576,14,31,0,22.06,77.88,614,14,35,0,3
"Braslia",530010,"DF",2020-04-13,598,15,22,1,22.11,79.92,638,15,24,1,1
"Braslia",530010,"DF",2020-04-14,610,17,12,2,21.27,78.08,651,17,13,2,2
"Braslia",530010,"DF",2020-04-15,642,17,32,0,19.26,86.42,682,17,31,0,4
"Braslia",530010,"DF",2020-04-16,674,20,32,3,19.19,92.92,716,20,34,3,0
"Braslia",530010,"DF",2020-04-17,702,24,28,4,21.02,84.79,746,20,30,0,3
"Braslia",530010,"DF",2020-04-18,740,24,38,0,20.92,85.92,762,24,16,4,1
"Braslia",530010,"DF",2020-04-19,783,24,43,0,21.05,83,827,24,65,0,0
"Braslia",530010,"DF",2020-04-20,817,24,34,0,20.58,83.71,872,24,45,0,3
"Braslia",530010,"DF",2020-04-21,854,24,37,0,19.96,87.96,881,24,9,0,0
"Braslia",530010,"DF",2020-04-22,898,25,44,1,19.6,90.92,946,25,65,1,2
"Braslia",530010,"DF",2020-04-23,906,26,8,1,19.93,90.79,963,25,17,0,0
"Braslia",530010,"DF",2020-04-24,944,26,38,0,20.68,85.08,989,26,26,1,1
"Braslia",530010,"DF",2020-04-25,956,27,12,1,20.42,77.54,1013,26,24,0,2
"Braslia",530010,"DF",2020-04-26,1051,27,95,0,19.51,74.04,1066,27,53,1,1
"Braslia",530010,"DF",2020-04-27,1119,28,68,1,20.08,73.04,1146,27,80,0,1
"Braslia",530010,"DF",2020-04-28,1158,28,39,0,19.71,71.21,1213,28,67,1,1
"Braslia",530010,"DF",2020-04-29,1237,28,79,0,19.44,70.21,1275,28,62,0,3
"Braslia",530010,"DF",2020-04-30,1342,30,105,2,19.94,68.54,1356,30,81,2,5
"Braslia",530010,"DF",2020-05-01,1458,31,116,1,19.87,68.5,1466,30,110,0,2
"Braslia",530010,"DF",2020-05-02,1521,32,63,1,19.99,65.33,1566,31,100,1,1
"Braslia",530010,"DF",2020-05-03,1616,33,95,1,19.5,63.17,1649,33,83,2,0
"Braslia",530010,"DF",2020-05-04,1670,33,54,0,19.71,57.92,1768,33,119,0,2
"Braslia",530010,"DF",2020-05-05,1707,34,37,1,20.44,62.5,1818,33,50,0,0
"Braslia",530010,"DF",2020-05-06,1893,35,186,1,20.15,73.58,1906,34,88,1,4
"Braslia",530010,"DF",2020-05-07,2078,35,185,0,19.25,81.04,2258,35,352,1,1
"Braslia",530010,"DF",2020-05-08,2217,36,139,1,19.39,82.17,2442,37,184,2,5
"Braslia",530010,"DF",2020-05-09,2350,38,133,2,18.16,83.42,2576,39,134,2,3
"Braslia",530010,"DF",2020-05-10,2464,41,114,3,18.68,74.79,2682,42,106,3,3
"Braslia",530010,"DF",2020-05-11,2571,43,107,2,18.82,68.75,2783,44,101,2,1
"Braslia",530010,"DF",2020-05-12,2733,45,162,2,19.22,66.04,2979,46,196,2,5
"Braslia",530010,"DF",2020-05-13,2900,47,167,2,19.77,73,3192,48,213,2,2
"Braslia",530010,"DF",2020-05-14,3073,50,173,3,19.25,81.46,3416,51,224,3,7
"Braslia",530010,"DF",2020-05-15,3392,54,319,4,20.05,84.29,3787,55,371,4,3
"Braslia",530010,"DF",2020-05-16,3701,55,309,1,19.52,88.29,4140,56,353,1,4
"Braslia",530010,"DF",2020-05-17,3919,57,218,2,19.2,87,4368,59,228,3,8
"Braslia",530010,"DF",2020-05-18,4123,62,204,5,19.95,80.96,4619,66,251,7,6
"Braslia",530010,"DF",2020-05-19,4339,68,216,6,19.15,76.62,4853,72,234,6,9
"Braslia",530010,"DF",2020-05-20,4723,73,384,5,19,81.17,5161,77,308,5,5
"Braslia",530010,"DF",2020-05-21,4957,79,234,6,19.35,75.62,5542,84,381,7,6
"Braslia",530010,"DF",2020-05-22,5337,84,380,5,20.38,73.42,5948,90,406,6,9
"Braslia",530010,"DF",2020-05-23,5605,89,268,5,21.17,71.96,6251,95,303,5,8
"Braslia",530010,"DF",2020-05-24,5902,98,297,9,20.38,84,6638,104,387,9,10
"Braslia",530010,"DF",2020-05-25,6197,106,295,8,20.53,81.75,6930,114,292,10,14
"Braslia",530010,"DF",2020-05-26,6451,114,254,8,19.14,73.33,7210,124,280,10,11
"Braslia",530010,"DF",2020-05-27,6979,123,528,9,16.89,60.58,7761,133,551,9,13
"Braslia",530010,"DF",2020-05-28,7490,132,511,9,16.94,65.42,8300,142,539,9,9
"Braslia",530010,"DF",2020-05-29,7877,142,387,10,17.2,61.58,8722,154,422,12,11
"Braslia",530010,"DF",2020-05-30,8538,149,661,7,16.87,65.25,9474,162,752,8,13
"Braslia",530010,"DF",2020-05-31,8807,157,269,8,17.07,65,9780,170,306,8,10
"Braslia",530010,"DF",2020-06-01,9486,160,679,3,17.79,66.96,10510,171,730,1,15
"Braslia",530010,"DF",2020-06-02,10174,163,688,3,18.64,71.75,11256,177,746,6,12
"Braslia",530010,"DF",2020-06-03,10881,176,707,13,20.11,71.08,12020,191,764,14,8
"Braslia",530010,"DF",2020-06-04,11698,181,817,5,20.86,72.62,12923,196,903,5,13
"Braslia",530010,"DF",2020-06-05,12864,186,1166,5,20.76,73.46,14208,202,1285,6,17
"Braslia",530010,"DF",2020-06-06,14330,192,1466,6,20.62,71.96,15850,208,1642,6,17
"Braslia",530010,"DF",2020-06-07,15015,196,685,4,20.5,69.71,16623,214,773,6,12
"Braslia",530010,"DF",2020-06-08,15306,205,291,9,19.83,72.46,16629,214,6,0,9
"Braslia",530010,"DF",2020-06-09,16344,214,1038,9,20.21,66.92,18090,236,1461,22,12
"Braslia",530010,"DF",2020-06-10,17543,232,1199,18,19.27,62.75,19433,256,1343,20,14
"Braslia",530010,"DF",2020-06-11,18464,250,921,18,19.59,63.04,20507,274,1074,18,20
"Braslia",530010,"DF",2020-06-12,19257,256,793,6,19.98,60.71,21396,282,889,8,18
"Braslia",530010,"DF",2020-06-13,19762,265,505,9,19.66,60.12,21959,293,563,11,21
"Braslia",530010,"DF",2020-06-14,20586,276,824,11,19.13,60.71,22871,304,912,11,12
"Braslia",530010,"DF",2020-06-15,21283,288,697,12,18.95,61.42,23684,319,813,15,18
"Braslia",530010,"DF",2020-06-16,22460,316,1177,28,17.62,76.79,25380,348,1696,29,15
"Braslia",530010,"DF",2020-06-17,24084,331,1624,15,17.52,76.58,27140,365,1760,17,15
"Braslia",530010,"DF",2020-06-18,25274,345,1190,14,17.05,79.54,28521,379,1381,14,21
"Braslia",530010,"DF",2020-06-19,27453,362,2179,17,18.28,70.54,30902,396,2381,17,20
"Braslia",530010,"DF",2020-06-20,28722,370,1269,8,19.1,70.88,32238,404,1336,8,30
"Braslia",530010,"DF",2020-06-21,29598,386,876,16,19.77,56.33,33227,423,989,19,19
"Braslia",530010,"DF",2020-06-22,30427,410,829,24,17.72,57.83,34148,449,921,26,18
"Braslia",530010,"DF",2020-06-23,31457,432,1030,22,18.01,59.92,35368,475,1220,26,14
"Braslia",530010,"DF",2020-06-24,33096,449,1639,17,19.46,71.54,37254,495,1886,20,8
"Braslia",530010,"DF",2020-06-25,34503,463,1407,14,20.18,63.04,38871,509,1617,14,23
"Braslia",530010,"DF",2020-06-26,36464,486,1961,23,19.42,60,41326,532,2455,23,0
"Braslia",530010,"DF",2020-06-27,37642,491,1178,5,19.71,56.08,42766,537,1440,5,0
"Braslia",530010,"DF",2020-06-28,39713,502,2071,11,18.81,62.88,44905,548,2139,11,0
"Braslia",530010,"DF",2020-06-29,41849,512,2136,10,17.93,67.79,47071,559,2166,11,0
"Braslia",530010,"DF",2020-06-30,43800,539,1951,27,18.24,59.25,49218,587,2147,28,0
"Braslia",530010,"DF",2020-07-01,45111,567,1311,28,18.35,65.25,50676,620,1458,33,0
"Braslia",530010,"DF",2020-07-02,46559,578,1448,11,19.28,65.5,52281,631,1605,11,0
"Braslia",530010,"DF",2020-07-03,48068,588,1509,10,20.09,60.79,53996,643,1715,12,0
"Braslia",530010,"DF",2020-07-04,48068,588,0,0,20.59,51.75,55760,671,1764,28,0
"Braslia",530010,"DF",2020-07-05,48068,588,0,0,19.61,60.79,57854,699,2094,28,0
